year,country,numOccurrences
2000,New Zealand,364
2000,Bermuda,201
2000,Latvia,56
2000,Canada,3245
2000,East Timor,178
2000,Guernsey,97
2000,Turkmenistan,21
2000,Saint Helena,6
2000,Lithuania,84
2000,Cambodia,145
2000,Ethiopia,192
2000,Aruba,30
2000,Sri Lanka,165
2000,Swaziland,16
2000,Palestine,235
2000,Argentina,496
2000,Bolivia,107
2000,Cameroon,53
2000,Burkina Faso,33
2000,Aland,1
2000,Bahrain,41
2000,Saudi Arabia,350
2000,Micronesia,8
2000,American Samoa,20
2000,Slovenia,49
2000,Guatemala,182
2000,Bosnia and Herzegovina,4
2000,Guinea,199
2000,Germany,3173
2000,Dominica,16
2000,Australia,1275
2000,Liberia,110
2000,Maldives,14
2000,Pakistan,526
2000,Oman,38
2000,Tanzania,162
2000,Bonaire,8
2000,Albania,65
2000,French Guiana,9
2000,Niue,3
2000,Monaco,74
2000,Yemen,193
2000,Brazil,921
2000,Jamaica,548
2000,Greenland,61
2000,Samoa,28
2000,British Indian Ocean Territory,8
2000,Norfolk Island,58
2000,United Arab Emirates,56
2000,Guam,46
2000,Uruguay,69
2000,India,1332
2000,Azerbaijan,58
2000,Madagascar,36
2000,Lesotho,8
2000,Kenya,266
2000,South Korea,776
2000,Macao,26
2000,Turkey,181
2000,Afghanistan,332
2000,Fiji,56
2000,Northern Mariana Islands,6
2000,Eritrea,99
2000,Solomon Islands,12
2000,Saint Lucia,8
2000,San Marino,44
2000,Cyprus,111
2000,Mongolia,84
2000,France,3227
2000,Rwanda,236
2000,Slovakia,81
2000,Somalia,128
2000,Peru,421
2000,Laos,35
2000,Nauru,9
2000,Norway,477
2000,Malawi,19
2000,Cook Islands,41
2000,Benin,36
2000,Western Sahara,19
2000,Cuba,1119
2000,Montenegro,138
2000,Republic of the Congo,4
2000,Togo,30
2000,China,2623
2000,Armenia,49
2000,Dominican Republic,227
2000,Ukraine,313
2000,Ghana,114
2000,Tonga,11
2000,Finland,296
2000,Libya,146
2000,Indonesia,520
2000,Central African Republic,40
2000,Mauritius,20
2000,Liechtenstein,27
2000,Vietnam,1147
2000,British Virgin Islands,24
2000,Macedonia,52
2000,Guyana,66
2000,Mali,108
2000,Vatican City,336
2000,Russia,2744
2000,Bulgaria,105
2000,United States,18757
2000,Romania,214
2000,Angola,177
2000,French Southern Territories,9
2000,Cayman Islands,37
2000,South Africa,1122
2000,Tajikistan,54
2000,Sweden,460
2000,Malaysia,208
2000,Austria,520
2000,Mozambique,126
2000,Uganda,206
2000,Japan,2419
2000,Niger,43
2000,Isle of Man,3
2000,Saint Martin,83
2000,Falkland Islands,14
2000,Faroe Islands,4
2000,Kuwait,210
2000,Panama,197
2000,Ireland,306
2000,Costa Rica,137
2000,Luxembourg,86
2000,Cape Verde,14
2000,Bahamas,135
2000,Gibraltar,39
2000,Ivory Coast,147
2000,Italy,1720
2000,Nigeria,312
2000,Ecuador,214
2000,Bangladesh,153
2000,Brunei,42
2000,Belarus,104
2000,Iran,906
2000,Algeria,130
2000,El Salvador,114
2000,Tuvalu,9
2000,Pitcairn Islands,4
2000,Czech Republic,226
2000,Marshall Islands,35
2000,Chile,407
2000,Puerto Rico,330
2000,Belgium,611
2000,Kiribati,5
2000,Haiti,252
2000,Belize,39
2000,Hong Kong,680
2000,Sierra Leone,271
2000,Georgia,12
2000,Gambia,22
2000,Philippines,365
2000,Moldova,22
2000,Portugal,231
2000,Morocco,232
2000,Namibia,92
2000,French Polynesia,6
2000,Guinea-Bissau,16
2000,Thailand,299
2000,Switzerland,667
2000,Grenada,33
2000,Denmark,306
2000,U.S. Virgin Islands,13
2000,Seychelles,14
2000,Estonia,50
2000,Kosovo,768
2000,Mexico,2106
2000,Lebanon,592
2000,Uzbekistan,78
2000,Egypt,743
2000,Djibouti,34
2000,Antigua and Barbuda,1
2000,Spain,1246
2000,Colombia,508
2000,Burundi,86
2000,Taiwan,601
2000,Turks and Caicos Islands,1
2000,Barbados,93
2000,Qatar,51
2000,Cocos [Keeling] Islands,5
2000,Palau,11
2000,Curacao,19
2000,Bhutan,19
2000,Sudan,169
2000,Nepal,75
2000,Malta,82
2000,Democratic Republic of the Congo,2
2000,Netherlands,724
2000,Suriname,18
2000,Anguilla,13
2000,Venezuela,351
2000,Israel,3228
2000,Iceland,121
2000,Zambia,74
2000,Senegal,113
2000,Papua New Guinea,17
2000,Gabon,26
2000,Zimbabwe,331
2000,Jordan,54
2000,Vanuatu,6
2000,Martinique,40
2000,Kazakhstan,113
2000,Poland,562
2000,Mauritania,17
2000,Kyrgyzstan,41
2000,Mayotte,2
2000,Iraq,698
2000,Montserrat,13
2000,New Caledonia,9
2000,Andorra,8
2000,North Korea,499
2000,Trinidad and Tobago,5
2000,South Sudan,53
2000,Hungary,237
2000,Syria,473
2000,Guadeloupe,18
2000,Honduras,74
2000,Myanmar,121
2000,Equatorial Guinea,12
2000,Tunisia,68
2000,Nicaragua,87
2000,Singapore,317
2000,Serbia,621
2000,Botswana,73
2000,United Kingdom,88
2000,Antarctica,87
2000,Christmas Island,260
2000,Greece,420
2000,Paraguay,60
2000,Croatia,155
2000,Comoros,5
2001,Canada,3215
2001,East Timor,93
2001,Guernsey,66
2001,Turkmenistan,47
2001,Lithuania,88
2001,Cambodia,182
2001,Ethiopia,127
2001,Aruba,25
2001,Sri Lanka,135
2001,Swaziland,13
2001,Palestine,295
2001,Argentina,662
2001,Bolivia,71
2001,Cameroon,48
2001,Burkina Faso,23
2001,Aland,3
2001,Bahrain,53
2001,Saudi Arabia,724
2001,Micronesia,3
2001,American Samoa,15
2001,Slovenia,106
2001,Guatemala,159
2001,Bosnia and Herzegovina,6
2001,Guinea,179
2001,Germany,3169
2001,Dominica,12
2001,Australia,1203
2001,Liberia,57
2001,Maldives,7
2001,Pakistan,1561
2001,Oman,58
2001,Tanzania,312
2001,Bonaire,6
2001,Albania,102
2001,French Guiana,4
2001,Niue,2
2001,Monaco,74
2001,New Zealand,333
2001,Yemen,242
2001,Brazil,881
2001,Jamaica,578
2001,Greenland,59
2001,Samoa,19
2001,British Indian Ocean Territory,11
2001,Norfolk Island,52
2001,United Arab Emirates,143
2001,Guam,48
2001,Uruguay,90
2001,India,1667
2001,Azerbaijan,66
2001,Madagascar,57
2001,Lesotho,5
2001,Kenya,445
2001,South Korea,956
2001,Macao,14
2001,Turkey,196
2001,Afghanistan,3335
2001,Fiji,32
2001,Eritrea,39
2001,Solomon Islands,13
2001,Saint Lucia,4
2001,San Marino,21
2001,Cyprus,102
2001,Mongolia,56
2001,France,3134
2001,Rwanda,197
2001,Slovakia,72
2001,Somalia,232
2001,Peru,366
2001,Laos,54
2001,Nauru,18
2001,Norway,491
2001,Malawi,23
2001,Cook Islands,38
2001,Benin,35
2001,Western Sahara,13
2001,Cuba,665
2001,Montenegro,62
2001,Republic of the Congo,1
2001,Togo,18
2001,China,2578
2001,Armenia,54
2001,Dominican Republic,288
2001,Ukraine,318
2001,Ghana,120
2001,Tonga,7
2001,Finland,245
2001,Libya,168
2001,Indonesia,539
2001,Central African Republic,40
2001,Mauritius,19
2001,Liechtenstein,18
2001,Vietnam,1254
2001,British Virgin Islands,22
2001,Macedonia,325
2001,Guyana,57
2001,Mali,86
2001,Vatican City,232
2001,Russia,2836
2001,Bulgaria,103
2001,United States,23115
2001,Romania,151
2001,Angola,133
2001,French Southern Territories,5
2001,Cayman Islands,36
2001,South Africa,1134
2001,Tokelau,1
2001,Tajikistan,150
2001,Sweden,475
2001,Malaysia,234
2001,Austria,368
2001,Mozambique,78
2001,Uganda,170
2001,Japan,2709
2001,Niger,28
2001,Isle of Man,12
2001,Saint Martin,76
2001,Falkland Islands,9
2001,Faroe Islands,7
2001,Kuwait,276
2001,Panama,207
2001,Ireland,309
2001,Costa Rica,150
2001,Luxembourg,134
2001,Cape Verde,12
2001,Bahamas,136
2001,Gibraltar,29
2001,Ivory Coast,113
2001,Italy,1794
2001,Nigeria,233
2001,Ecuador,219
2001,Bangladesh,162
2001,Brunei,22
2001,Belarus,83
2001,Iran,972
2001,Algeria,151
2001,El Salvador,152
2001,Tuvalu,9
2001,Pitcairn Islands,2
2001,Czech Republic,243
2001,Marshall Islands,23
2001,Chile,343
2001,Puerto Rico,472
2001,Belgium,751
2001,Kiribati,3
2001,Haiti,180
2001,Belize,68
2001,Hong Kong,630
2001,Sierra Leone,120
2001,Georgia,17
2001,Gambia,14
2001,Philippines,412
2001,Moldova,32
2001,Portugal,233
2001,Morocco,202
2001,Namibia,61
2001,French Polynesia,7
2001,Guinea-Bissau,5
2001,Thailand,306
2001,Switzerland,773
2001,Grenada,26
2001,Denmark,222
2001,U.S. Virgin Islands,11
2001,Seychelles,10
2001,Estonia,46
2001,Kosovo,574
2001,Mexico,2101
2001,Lebanon,409
2001,Uzbekistan,304
2001,Egypt,896
2001,Djibouti,11
2001,Bermuda,199
2001,Spain,1083
2001,Colombia,484
2001,Burundi,59
2001,Taiwan,637
2001,Turks and Caicos Islands,3
2001,Barbados,57
2001,Qatar,206
2001,Cocos [Keeling] Islands,1
2001,Palau,5
2001,Curacao,18
2001,Bhutan,22
2001,Sudan,266
2001,Nepal,119
2001,Malta,68
2001,Netherlands,638
2001,Suriname,8
2001,Anguilla,13
2001,Venezuela,226
2001,Israel,3341
2001,Iceland,100
2001,Zambia,92
2001,Senegal,120
2001,Papua New Guinea,26
2001,Gabon,24
2001,Zimbabwe,243
2001,Jordan,62
2001,Vanuatu,6
2001,Martinique,23
2001,Kazakhstan,150
2001,Poland,624
2001,Mauritania,16
2001,Kyrgyzstan,57
2001,Iraq,1014
2001,Montserrat,15
2001,New Caledonia,5
2001,Andorra,5
2001,North Korea,474
2001,Trinidad and Tobago,10
2001,Latvia,59
2001,South Sudan,83
2001,Hungary,195
2001,Syria,397
2001,Guadeloupe,13
2001,Honduras,143
2001,Myanmar,102
2001,Equatorial Guinea,7
2001,Tunisia,68
2001,Nicaragua,95
2001,Singapore,316
2001,Serbia,436
2001,Botswana,61
2001,United Kingdom,115
2001,Antarctica,90
2001,Christmas Island,327
2001,Greece,349
2001,Paraguay,52
2001,Croatia,163
2001,Comoros,6
2002,Canada,2899
2002,East Timor,84
2002,Guernsey,26
2002,Turkmenistan,37
2002,Saint Helena,5
2002,Lithuania,125
2002,Cambodia,173
2002,Ethiopia,128
2002,Aruba,17
2002,Sri Lanka,109
2002,Swaziland,18
2002,Palestine,422
2002,Argentina,780
2002,Bolivia,85
2002,Cameroon,70
2002,Burkina Faso,18
2002,Bahrain,105
2002,Saudi Arabia,943
2002,Micronesia,4
2002,American Samoa,12
2002,Slovenia,79
2002,Guatemala,176
2002,Bosnia and Herzegovina,4
2002,Guinea,156
2002,Germany,3367
2002,Dominica,8
2002,Australia,1038
2002,Liberia,41
2002,Maldives,6
2002,Pakistan,1585
2002,Oman,42
2002,Tanzania,127
2002,Bonaire,2
2002,Albania,65
2002,French Guiana,6
2002,Monaco,96
2002,New Zealand,340
2002,Yemen,322
2002,Brazil,973
2002,Jamaica,531
2002,Greenland,46
2002,Samoa,20
2002,British Indian Ocean Territory,7
2002,Norfolk Island,31
2002,United Arab Emirates,100
2002,Guam,27
2002,Uruguay,114
2002,India,1688
2002,Azerbaijan,49
2002,Lesotho,18
2002,Kenya,304
2002,South Korea,1246
2002,Macao,16
2002,Turkey,164
2002,Afghanistan,2754
2002,Fiji,30
2002,Northern Mariana Islands,6
2002,Eritrea,39
2002,Solomon Islands,9
2002,Saint Lucia,10
2002,San Marino,42
2002,Cyprus,112
2002,Mongolia,49
2002,France,3259
2002,Rwanda,131
2002,Slovakia,107
2002,Somalia,205
2002,Laos,43
2002,Nauru,5
2002,Norway,572
2002,Malawi,36
2002,Cook Islands,30
2002,Benin,19
2002,Western Sahara,15
2002,Cuba,755
2002,Montenegro,48
2002,Republic of the Congo,5
2002,Togo,11
2002,China,2129
2002,Armenia,53
2002,Dominican Republic,221
2002,Ukraine,254
2002,Ghana,92
2002,Tonga,17
2002,Finland,252
2002,Libya,149
2002,Indonesia,483
2002,Central African Republic,37
2002,Mauritius,27
2002,Liechtenstein,15
2002,Vietnam,1118
2002,British Virgin Islands,17
2002,Macedonia,67
2002,Guyana,48
2002,Mali,88
2002,Vatican City,456
2002,Russia,2679
2002,Bulgaria,131
2002,United States,21211
2002,Romania,162
2002,Angola,130
2002,French Southern Territories,5
2002,Cayman Islands,41
2002,South Africa,956
2002,Tokelau,1
2002,Tajikistan,50
2002,Sweden,528
2002,Malaysia,255
2002,Austria,420
2002,Mozambique,85
2002,Uganda,132
2002,Japan,2617
2002,Niger,31
2002,Isle of Man,12
2002,Saint Martin,56
2002,Falkland Islands,15
2002,Faroe Islands,3
2002,Kuwait,375
2002,Panama,192
2002,Ireland,307
2002,Costa Rica,134
2002,Luxembourg,135
2002,Cape Verde,14
2002,Bahamas,116
2002,Gibraltar,49
2002,Ivory Coast,93
2002,Italy,1871
2002,Nigeria,270
2002,Ecuador,188
2002,Bangladesh,124
2002,Brunei,27
2002,Belarus,75
2002,Iran,1123
2002,Algeria,128
2002,El Salvador,133
2002,Tuvalu,4
2002,Pitcairn Islands,1
2002,Czech Republic,248
2002,Marshall Islands,14
2002,Chile,273
2002,Puerto Rico,314
2002,Belgium,611
2002,Kiribati,1
2002,Haiti,178
2002,Belize,39
2002,Hong Kong,578
2002,Sierra Leone,78
2002,Georgia,39
2002,Gambia,17
2002,Philippines,482
2002,Moldova,20
2002,Portugal,310
2002,Morocco,265
2002,Namibia,52
2002,French Polynesia,11
2002,Guinea-Bissau,2
2002,Thailand,323
2002,Switzerland,764
2002,Grenada,29
2002,Denmark,326
2002,U.S. Virgin Islands,8
2002,Seychelles,9
2002,Estonia,83
2002,Kosovo,253
2002,Mexico,2090
2002,Lebanon,475
2002,Uzbekistan,114
2002,Egypt,955
2002,Djibouti,16
2002,Antigua and Barbuda,1
2002,Spain,1133
2002,Colombia,419
2002,Burundi,29
2002,Taiwan,347
2002,Turks and Caicos Islands,1
2002,Barbados,48
2002,Qatar,175
2002,Palau,10
2002,Curacao,22
2002,Bhutan,21
2002,Sudan,190
2002,Nepal,115
2002,Malta,68
2002,Democratic Republic of the Congo,2
2002,Netherlands,634
2002,Suriname,16
2002,Anguilla,8
2002,Venezuela,358
2002,Israel,3981
2002,Iceland,99
2002,Zambia,88
2002,Senegal,150
2002,Papua New Guinea,25
2002,Gabon,20
2002,Zimbabwe,274
2002,Jordan,65
2002,Vanuatu,5
2002,Martinique,29
2002,Kazakhstan,108
2002,Poland,742
2002,Mauritania,15
2002,Kyrgyzstan,53
2002,Iraq,3177
2002,Montserrat,9
2002,New Caledonia,11
2002,Andorra,18
2002,North Korea,758
2002,Trinidad and Tobago,2
2002,Latvia,91
2002,South Sudan,57
2002,Hungary,230
2002,Syria,414
2002,Guadeloupe,6
2002,Honduras,87
2002,Myanmar,94
2002,Equatorial Guinea,6
2002,Tunisia,106
2002,Nicaragua,105
2002,Singapore,412
2002,Serbia,267
2002,Botswana,59
2002,United Kingdom,103
2002,Antarctica,89
2002,Christmas Island,257
2002,Greece,412
2002,Paraguay,64
2002,Croatia,153
2002,Comoros,4
2002,Madagascar,67
2002,Peru,232
2002,Bermuda,309
2003,Canada,3236
2003,East Timor,65
2003,Guernsey,34
2003,Turkmenistan,11
2003,Saint Helena,7
2003,Lithuania,81
2003,Cambodia,173
2003,Ethiopia,123
2003,Aruba,13
2003,Sri Lanka,76
2003,Swaziland,15
2003,Palestine,406
2003,Argentina,581
2003,Bolivia,99
2003,Cameroon,86
2003,Burkina Faso,40
2003,Aland,1
2003,Bahrain,97
2003,Saudi Arabia,767
2003,Micronesia,10
2003,American Samoa,18
2003,Slovenia,65
2003,Guatemala,150
2003,Bosnia and Herzegovina,3
2003,Guinea,237
2003,Germany,3636
2003,Dominica,9
2003,Australia,1166
2003,Liberia,307
2003,Maldives,9
2003,Pakistan,853
2003,Oman,40
2003,Tanzania,104
2003,Bonaire,2
2003,Albania,59
2003,French Guiana,5
2003,Niue,1
2003,Monaco,114
2003,New Zealand,405
2003,Yemen,175
2003,Brazil,828
2003,Jamaica,523
2003,Greenland,45
2003,Samoa,24
2003,British Indian Ocean Territory,7
2003,Norfolk Island,57
2003,United Arab Emirates,128
2003,Guam,55
2003,Uruguay,59
2003,India,1356
2003,Azerbaijan,55
2003,Madagascar,30
2003,Lesotho,13
2003,Kenya,297
2003,South Korea,1168
2003,Macao,12
2003,Turkey,245
2003,Afghanistan,1878
2003,Fiji,34
2003,Northern Mariana Islands,2
2003,Eritrea,38
2003,Solomon Islands,20
2003,Saint Lucia,7
2003,San Marino,28
2003,Cyprus,97
2003,Mongolia,86
2003,France,3946
2003,Rwanda,145
2003,Slovakia,113
2003,Somalia,175
2003,Peru,215
2003,Laos,58
2003,Nauru,2
2003,Norway,452
2003,Malawi,35
2003,Cook Islands,40
2003,Benin,27
2003,Western Sahara,14
2003,Cuba,700
2003,Montenegro,116
2003,Republic of the Congo,1
2003,Togo,17
2003,China,2480
2003,Armenia,38
2003,Dominican Republic,323
2003,Ukraine,234
2003,Ghana,150
2003,Tonga,7
2003,Finland,266
2003,Libya,187
2003,Indonesia,402
2003,Central African Republic,35
2003,Mauritius,19
2003,Liechtenstein,23
2003,Vietnam,1433
2003,British Virgin Islands,12
2003,Macedonia,49
2003,Guyana,42
2003,Mali,70
2003,Vatican City,309
2003,Russia,2637
2003,Bulgaria,150
2003,United States,23432
2003,Romania,175
2003,Angola,112
2003,French Southern Territories,5
2003,Cayman Islands,36
2003,South Africa,939
2003,Tajikistan,25
2003,Sweden,432
2003,Malaysia,247
2003,Austria,376
2003,Mozambique,62
2003,Uganda,133
2003,Japan,2625
2003,Niger,124
2003,Isle of Man,10
2003,Saint Martin,48
2003,Falkland Islands,13
2003,Kuwait,925
2003,Panama,200
2003,Ireland,282
2003,Costa Rica,127
2003,Luxembourg,126
2003,Cape Verde,6
2003,Bahamas,104
2003,Gibraltar,29
2003,Ivory Coast,143
2003,Italy,1725
2003,Nigeria,358
2003,Ecuador,130
2003,Bangladesh,122
2003,Brunei,11
2003,Belarus,45
2003,Iran,1372
2003,Algeria,140
2003,El Salvador,112
2003,Tuvalu,2
2003,Czech Republic,190
2003,Marshall Islands,18
2003,Chile,333
2003,Puerto Rico,333
2003,Belgium,682
2003,Kiribati,3
2003,Haiti,150
2003,Belize,43
2003,Hong Kong,880
2003,Sierra Leone,147
2003,Georgia,33
2003,Gambia,14
2003,Philippines,386
2003,Moldova,23
2003,Portugal,207
2003,Morocco,286
2003,Namibia,32
2003,French Polynesia,7
2003,Guinea-Bissau,4
2003,Thailand,382
2003,Switzerland,642
2003,Grenada,54
2003,Denmark,270
2003,U.S. Virgin Islands,6
2003,Seychelles,7
2003,Estonia,68
2003,Kosovo,320
2003,Mexico,2016
2003,Lebanon,417
2003,Uzbekistan,63
2003,Egypt,842
2003,Djibouti,14
2003,Bermuda,177
2003,Spain,1341
2003,Colombia,326
2003,Burundi,30
2003,Taiwan,433
2003,Turks and Caicos Islands,1
2003,Barbados,50
2003,Qatar,267
2003,Palau,16
2003,Curacao,20
2003,Bhutan,15
2003,Sudan,141
2003,Nepal,97
2003,Malta,51
2003,Netherlands,651
2003,Suriname,7
2003,Anguilla,9
2003,Venezuela,311
2003,Israel,3018
2003,Iceland,97
2003,Zambia,49
2003,Senegal,104
2003,Papua New Guinea,27
2003,Gabon,24
2003,Zimbabwe,176
2003,Jordan,94
2003,Vanuatu,6
2003,Martinique,30
2003,Kazakhstan,104
2003,Poland,655
2003,Mauritania,12
2003,Kyrgyzstan,18
2003,Iraq,10403
2003,Montserrat,10
2003,New Caledonia,5
2003,Andorra,6
2003,North Korea,1012
2003,Trinidad and Tobago,4
2003,Latvia,58
2003,South Sudan,52
2003,Hungary,226
2003,Syria,713
2003,Guadeloupe,11
2003,Honduras,96
2003,Myanmar,92
2003,Equatorial Guinea,6
2003,Tunisia,73
2003,Nicaragua,94
2003,Singapore,508
2003,Serbia,244
2003,Botswana,84
2003,United Kingdom,149
2003,Antarctica,83
2003,Christmas Island,212
2003,Greece,386
2003,Paraguay,50
2003,Croatia,132
2003,Comoros,6
2004,Antarctica,64
2004,Canada,2901
2004,East Timor,45
2004,Guernsey,24
2004,Turkmenistan,17
2004,Saint Helena,1
2004,Lithuania,99
2004,Cambodia,153
2004,Ethiopia,152
2004,Aruba,24
2004,Sri Lanka,131
2004,Swaziland,14
2004,Palestine,265
2004,Argentina,468
2004,Bolivia,92
2004,Cameroon,51
2004,Burkina Faso,42
2004,Bahrain,72
2004,Saudi Arabia,677
2004,Micronesia,10
2004,American Samoa,20
2004,Slovenia,52
2004,Guatemala,116
2004,Bosnia and Herzegovina,6
2004,Guinea,199
2004,Germany,3131
2004,Dominica,15
2004,Australia,1060
2004,Liberia,89
2004,Maldives,21
2004,Pakistan,960
2004,Oman,34
2004,Tanzania,99
2004,Bonaire,3
2004,Albania,39
2004,French Guiana,7
2004,Niue,2
2004,Monaco,80
2004,New Zealand,339
2004,Yemen,125
2004,Brazil,852
2004,Jamaica,554
2004,Greenland,51
2004,Samoa,21
2004,British Indian Ocean Territory,1
2004,Norfolk Island,40
2004,United Arab Emirates,127
2004,Guam,46
2004,Uruguay,64
2004,India,1520
2004,Azerbaijan,43
2004,Madagascar,52
2004,Lesotho,10
2004,Kenya,291
2004,South Korea,732
2004,Macao,18
2004,Turkey,240
2004,Afghanistan,2053
2004,Fiji,43
2004,Northern Mariana Islands,6
2004,Eritrea,21
2004,Solomon Islands,11
2004,Saint Lucia,2
2004,San Marino,42
2004,Cyprus,112
2004,Mongolia,78
2004,France,3242
2004,Rwanda,184
2004,Slovakia,84
2004,Somalia,132
2004,Peru,231
2004,Laos,61
2004,Nauru,9
2004,Norway,375
2004,Malawi,22
2004,Cook Islands,30
2004,Benin,40
2004,Western Sahara,20
2004,Cuba,783
2004,Montenegro,112
2004,Republic of the Congo,1
2004,Togo,24
2004,China,2271
2004,Armenia,38
2004,Dominican Republic,301
2004,Ukraine,348
2004,Ghana,94
2004,Tonga,12
2004,Finland,231
2004,Libya,382
2004,Indonesia,400
2004,Central African Republic,77
2004,Mauritius,9
2004,Liechtenstein,8
2004,Vietnam,1897
2004,British Virgin Islands,13
2004,Macedonia,48
2004,Guyana,62
2004,Mali,91
2004,Vatican City,317
2004,Russia,2387
2004,Bulgaria,99
2004,United States,21604
2004,Romania,165
2004,Angola,75
2004,French Southern Territories,5
2004,Cayman Islands,40
2004,South Africa,926
2004,Tajikistan,33
2004,Sweden,387
2004,Malaysia,194
2004,Austria,328
2004,Mozambique,66
2004,Uganda,102
2004,Japan,2307
2004,Niger,95
2004,Isle of Man,3
2004,Saint Martin,48
2004,Falkland Islands,4
2004,Faroe Islands,2
2004,Kuwait,411
2004,Panama,206
2004,Ireland,243
2004,Costa Rica,152
2004,Luxembourg,98
2004,Cape Verde,18
2004,Bahamas,124
2004,Gibraltar,29
2004,Ivory Coast,117
2004,Italy,1738
2004,Nigeria,290
2004,Ecuador,149
2004,Bangladesh,151
2004,Brunei,28
2004,Belarus,67
2004,Iran,1339
2004,Algeria,159
2004,El Salvador,122
2004,Tuvalu,6
2004,Czech Republic,184
2004,Marshall Islands,20
2004,Chile,371
2004,Puerto Rico,349
2004,Belgium,604
2004,Kiribati,6
2004,Haiti,453
2004,Belize,43
2004,Hong Kong,541
2004,Sierra Leone,61
2004,Georgia,21
2004,Gambia,15
2004,Philippines,297
2004,Moldova,23
2004,Portugal,223
2004,Morocco,266
2004,Namibia,38
2004,French Polynesia,6
2004,Guinea-Bissau,5
2004,Thailand,403
2004,Switzerland,592
2004,Grenada,72
2004,Denmark,232
2004,U.S. Virgin Islands,3
2004,Seychelles,6
2004,Estonia,70
2004,Kosovo,203
2004,Mexico,1979
2004,Lebanon,398
2004,Uzbekistan,95
2004,Egypt,874
2004,Djibouti,2
2004,Bermuda,152
2004,Spain,1308
2004,Colombia,308
2004,Burundi,21
2004,Taiwan,370
2004,Barbados,52
2004,Qatar,138
2004,Palau,12
2004,Curacao,16
2004,Bhutan,15
2004,Sudan,434
2004,Nepal,96
2004,Malta,56
2004,Netherlands,604
2004,Suriname,12
2004,Anguilla,9
2004,Venezuela,323
2004,Israel,2623
2004,Iceland,93
2004,Zambia,49
2004,Senegal,90
2004,Papua New Guinea,19
2004,Gabon,15
2004,Zimbabwe,154
2004,Jordan,93
2004,Vanuatu,10
2004,Martinique,24
2004,Kazakhstan,95
2004,Poland,543
2004,Mauritania,22
2004,Kyrgyzstan,14
2004,Iraq,8417
2004,Montserrat,11
2004,New Caledonia,10
2004,Andorra,5
2004,North Korea,574
2004,Trinidad and Tobago,3
2004,Latvia,72
2004,South Sudan,98
2004,Hungary,212
2004,Syria,399
2004,Guadeloupe,3
2004,Honduras,121
2004,Myanmar,50
2004,Equatorial Guinea,48
2004,Tunisia,84
2004,Nicaragua,94
2004,Singapore,358
2004,Serbia,213
2004,Botswana,62
2004,United Kingdom,76
2004,Christmas Island,248
2004,Greece,548
2004,Paraguay,71
2004,Croatia,126
2004,Comoros,3
2005,Mauritius,24
2005,Djibouti,5
2005,Canada,2706
2005,East Timor,25
2005,Sao Tome and Principe,1
2005,Guernsey,15
2005,Turkmenistan,24
2005,Saint Helena,5
2005,Lithuania,95
2005,Cambodia,151
2005,Ethiopia,159
2005,Aruba,34
2005,Sri Lanka,230
2005,Swaziland,14
2005,Palestine,231
2005,Argentina,472
2005,Bolivia,118
2005,Cameroon,28
2005,Burkina Faso,48
2005,Bahrain,59
2005,Saudi Arabia,560
2005,Micronesia,13
2005,American Samoa,12
2005,Slovenia,44
2005,Guatemala,195
2005,Bosnia and Herzegovina,3
2005,Guinea,183
2005,Germany,2864
2005,Dominica,12
2005,Australia,946
2005,Liberia,102
2005,Maldives,33
2005,Pakistan,721
2005,Oman,38
2005,Tanzania,108
2005,Bonaire,4
2005,Albania,50
2005,French Guiana,1
2005,Monaco,122
2005,New Zealand,308
2005,Yemen,102
2005,Brazil,825
2005,Jamaica,563
2005,Greenland,46
2005,Samoa,16
2005,British Indian Ocean Territory,16
2005,Norfolk Island,70
2005,United Arab Emirates,110
2005,Guam,52
2005,Uruguay,66
2005,India,1529
2005,Azerbaijan,76
2005,Madagascar,104
2005,Lesotho,11
2005,Kenya,255
2005,South Korea,699
2005,Macao,21
2005,Turkey,171
2005,Afghanistan,1455
2005,Fiji,41
2005,Northern Mariana Islands,23
2005,Eritrea,36
2005,Solomon Islands,25
2005,Saint Lucia,16
2005,San Marino,31
2005,Cyprus,70
2005,Mongolia,70
2005,France,3057
2005,Rwanda,165
2005,Slovakia,87
2005,Somalia,98
2005,Peru,190
2005,Laos,53
2005,Nauru,4
2005,Norway,354
2005,Malawi,39
2005,Cook Islands,34
2005,Benin,43
2005,Western Sahara,19
2005,Cuba,727
2005,Montenegro,91
2005,Republic of the Congo,1
2005,Togo,50
2005,China,2577
2005,Armenia,38
2005,Dominican Republic,301
2005,Ukraine,394
2005,Ghana,135
2005,Tonga,8
2005,Finland,208
2005,Libya,150
2005,Indonesia,499
2005,Central African Republic,39
2005,Liechtenstein,13
2005,Vietnam,1125
2005,British Virgin Islands,21
2005,Macedonia,40
2005,Guyana,47
2005,Mali,98
2005,Vatican City,453
2005,Russia,1984
2005,Bulgaria,118
2005,United States,17826
2005,Romania,185
2005,Angola,68
2005,French Southern Territories,4
2005,Cayman Islands,25
2005,South Africa,924
2005,Tajikistan,38
2005,Sweden,394
2005,Malaysia,167
2005,Austria,362
2005,Mozambique,52
2005,Uganda,116
2005,Japan,2153
2005,Niger,176
2005,Isle of Man,9
2005,Saint Martin,68
2005,Falkland Islands,5
2005,Faroe Islands,2
2005,Kuwait,213
2005,Panama,204
2005,Ireland,239
2005,Costa Rica,183
2005,Luxembourg,130
2005,Cape Verde,16
2005,Bahamas,115
2005,Gibraltar,32
2005,Ivory Coast,87
2005,Italy,1730
2005,Nigeria,276
2005,Ecuador,157
2005,Bangladesh,144
2005,Brunei,8
2005,Belarus,72
2005,Iran,1326
2005,Algeria,135
2005,El Salvador,123
2005,Tuvalu,5
2005,Pitcairn Islands,2
2005,Czech Republic,150
2005,Marshall Islands,23
2005,Chile,270
2005,Puerto Rico,316
2005,Belgium,626
2005,Kiribati,2
2005,Haiti,159
2005,Belize,42
2005,Hong Kong,645
2005,Sierra Leone,61
2005,Georgia,24
2005,Gambia,13
2005,Philippines,258
2005,Moldova,25
2005,Portugal,207
2005,Morocco,236
2005,Namibia,31
2005,French Polynesia,5
2005,Guinea-Bissau,1
2005,Thailand,392
2005,Switzerland,555
2005,Grenada,20
2005,Denmark,225
2005,U.S. Virgin Islands,19
2005,Seychelles,9
2005,Estonia,65
2005,Kosovo,145
2005,Mexico,1990
2005,Lebanon,587
2005,Uzbekistan,164
2005,Egypt,1028
2005,Bermuda,193
2005,Spain,1032
2005,Colombia,315
2005,Burundi,18
2005,Taiwan,388
2005,Turks and Caicos Islands,5
2005,Barbados,72
2005,Qatar,120
2005,Cocos [Keeling] Islands,2
2005,Palau,11
2005,Curacao,19
2005,Bhutan,25
2005,Sudan,363
2005,Nepal,97
2005,Malta,53
2005,Democratic Republic of the Congo,1
2005,Netherlands,612
2005,Suriname,2
2005,Anguilla,15
2005,Venezuela,338
2005,Israel,2493
2005,Iceland,78
2005,Zambia,59
2005,Senegal,82
2005,Papua New Guinea,21
2005,Gabon,25
2005,Zimbabwe,173
2005,Jordan,109
2005,Vanuatu,2
2005,Martinique,24
2005,Kazakhstan,130
2005,Poland,559
2005,Mauritania,21
2005,Kyrgyzstan,139
2005,Iraq,5794
2005,Montserrat,17
2005,New Caledonia,7
2005,Andorra,7
2005,North Korea,529
2005,Trinidad and Tobago,4
2005,Latvia,66
2005,South Sudan,118
2005,Hungary,150
2005,Syria,662
2005,Guadeloupe,20
2005,Sint Maarten,1
2005,Honduras,139
2005,Myanmar,71
2005,Equatorial Guinea,18
2005,Tunisia,80
2005,Nicaragua,114
2005,Singapore,374
2005,Serbia,174
2005,Botswana,39
2005,United Kingdom,129
2005,Antarctica,102
2005,Christmas Island,252
2005,Greece,324
2005,Paraguay,37
2005,Croatia,134
2005,Comoros,2
2006,Puerto Rico,392
2006,Serbia,314
2006,Canada,3925
2006,East Timor,62
2006,Guernsey,19
2006,Turkmenistan,59
2006,Saint Helena,8
2006,Lithuania,113
2006,Cambodia,187
2006,Ethiopia,266
2006,Aruba,39
2006,Sri Lanka,294
2006,Swaziland,44
2006,Palestine,391
2006,Argentina,797
2006,Bolivia,230
2006,Cameroon,143
2006,Burkina Faso,27
2006,Aland,3
2006,Bahrain,117
2006,Saudi Arabia,678
2006,Micronesia,9
2006,American Samoa,11
2006,Slovenia,108
2006,Guatemala,198
2006,Bosnia and Herzegovina,3
2006,Guinea,220
2006,Germany,4453
2006,Saint Barthelemy,1
2006,Dominica,12
2006,Australia,1508
2006,Liberia,122
2006,Maldives,23
2006,Pakistan,1134
2006,Oman,42
2006,Tanzania,150
2006,Bonaire,4
2006,Albania,87
2006,French Guiana,13
2006,Monaco,143
2006,New Zealand,404
2006,Yemen,141
2006,Brazil,1203
2006,Jamaica,658
2006,Greenland,58
2006,Samoa,22
2006,British Indian Ocean Territory,3
2006,Norfolk Island,89
2006,United Arab Emirates,282
2006,Guam,34
2006,Uruguay,124
2006,India,2448
2006,Azerbaijan,114
2006,Madagascar,75
2006,Lesotho,19
2006,Kenya,409
2006,South Korea,1126
2006,Macao,56
2006,Turkey,279
2006,Afghanistan,2112
2006,Fiji,61
2006,Northern Mariana Islands,14
2006,Eritrea,68
2006,Solomon Islands,15
2006,Saint Lucia,4
2006,San Marino,56
2006,Cyprus,181
2006,Mongolia,99
2006,France,4814
2006,Rwanda,203
2006,Slovakia,108
2006,Somalia,273
2006,Peru,343
2006,Laos,58
2006,Nauru,9
2006,Norway,541
2006,Malawi,66
2006,Cook Islands,79
2006,Benin,43
2006,Western Sahara,17
2006,Cuba,972
2006,Montenegro,208
2006,Republic of the Congo,5
2006,Togo,79
2006,Heard Island and McDonald Islands,1
2006,China,3459
2006,Armenia,89
2006,Dominican Republic,360
2006,Ukraine,616
2006,Ghana,256
2006,Tonga,18
2006,Finland,430
2006,Libya,200
2006,Indonesia,567
2006,Central African Republic,99
2006,Mauritius,27
2006,Liechtenstein,20
2006,Vietnam,1533
2006,British Virgin Islands,34
2006,Macedonia,72
2006,Guyana,58
2006,Mali,101
2006,Vatican City,392
2006,Russia,3449
2006,Bulgaria,157
2006,United States,25304
2006,Romania,220
2006,Angola,165
2006,French Southern Territories,9
2006,Cayman Islands,35
2006,South Africa,1266
2006,Tokelau,1
2006,Tajikistan,56
2006,Sweden,685
2006,Malaysia,243
2006,Austria,528
2006,Mozambique,62
2006,Uganda,180
2006,Japan,2788
2006,Niger,145
2006,Isle of Man,13
2006,Saint Martin,75
2006,Falkland Islands,4
2006,Faroe Islands,6
2006,Kuwait,270
2006,Panama,248
2006,Ireland,315
2006,Costa Rica,200
2006,Luxembourg,252
2006,Cape Verde,15
2006,Bahamas,152
2006,Gibraltar,34
2006,Ivory Coast,204
2006,Italy,2770
2006,Nigeria,491
2006,Ecuador,249
2006,Bangladesh,239
2006,Brunei,17
2006,Belarus,236
2006,Iran,3003
2006,Algeria,140
2006,El Salvador,138
2006,Tuvalu,1
2006,Czech Republic,336
2006,Marshall Islands,34
2006,Chile,423
2006,Belgium,931
2006,Kiribati,2
2006,Haiti,215
2006,Belize,45
2006,Hong Kong,890
2006,Sierra Leone,129
2006,Georgia,58
2006,Gambia,28
2006,Philippines,326
2006,Moldova,79
2006,Portugal,356
2006,Morocco,264
2006,Namibia,96
2006,French Polynesia,12
2006,Guinea-Bissau,6
2006,Thailand,488
2006,Switzerland,813
2006,Grenada,27
2006,Denmark,412
2006,U.S. Virgin Islands,15
2006,Seychelles,6
2006,Chad,1
2006,Estonia,64
2006,Kosovo,145
2006,Mexico,2995
2006,Lebanon,1680
2006,Uzbekistan,146
2006,Egypt,1266
2006,Djibouti,29
2006,Bermuda,172
2006,Antigua and Barbuda,1
2006,Spain,1575
2006,Colombia,336
2006,Burundi,27
2006,Taiwan,419
2006,Turks and Caicos Islands,12
2006,Barbados,62
2006,Qatar,246
2006,Palau,20
2006,Curacao,22
2006,Bhutan,45
2006,Sudan,673
2006,Nepal,245
2006,Malta,89
2006,Democratic Republic of the Congo,3
2006,Netherlands,850
2006,Suriname,9
2006,Anguilla,21
2006,Venezuela,585
2006,Israel,3934
2006,Iceland,141
2006,Zambia,102
2006,Senegal,165
2006,Papua New Guinea,37
2006,Gabon,22
2006,Zimbabwe,183
2006,Jordan,179
2006,Vanuatu,18
2006,Martinique,23
2006,Kazakhstan,275
2006,Poland,822
2006,Mauritania,14
2006,Kyrgyzstan,112
2006,Mayotte,3
2006,Iraq,8210
2006,Montserrat,7
2006,New Caledonia,13
2006,Andorra,10
2006,North Korea,810
2006,Trinidad and Tobago,10
2006,Latvia,152
2006,South Sudan,156
2006,Hungary,256
2006,Syria,1080
2006,Guadeloupe,8
2006,Sint Maarten,1
2006,Honduras,117
2006,Myanmar,124
2006,Equatorial Guinea,28
2006,Tunisia,97
2006,Nicaragua,149
2006,Singapore,557
2006,Botswana,52
2006,United Kingdom,195
2006,Antarctica,102
2006,Christmas Island,327
2006,Greece,485
2006,Paraguay,109
2006,Croatia,269
2006,Comoros,2
2007,Canada,4359
2007,East Timor,32
2007,Guernsey,20
2007,Turkmenistan,54
2007,Saint Helena,9
2007,Lithuania,139
2007,Cambodia,258
2007,Ethiopia,318
2007,Aruba,42
2007,Sri Lanka,166
2007,Swaziland,17
2007,Palestine,376
2007,Argentina,809
2007,Bolivia,174
2007,Cameroon,52
2007,Burkina Faso,31
2007,Aland,2
2007,Bahrain,103
2007,Saudi Arabia,854
2007,Micronesia,12
2007,American Samoa,23
2007,Slovenia,113
2007,Guatemala,276
2007,Bosnia and Herzegovina,3
2007,Guinea,261
2007,Germany,4299
2007,Saint Barthelemy,1
2007,Dominica,19
2007,Australia,1674
2007,Liberia,122
2007,Maldives,25
2007,Pakistan,1636
2007,Oman,64
2007,Tanzania,178
2007,Bonaire,6
2007,Albania,97
2007,French Guiana,7
2007,Monaco,170
2007,New Zealand,584
2007,Yemen,113
2007,Brazil,1276
2007,Jamaica,768
2007,Greenland,110
2007,Samoa,31
2007,British Indian Ocean Territory,5
2007,Norfolk Island,39
2007,United Arab Emirates,261
2007,Guam,54
2007,Uruguay,173
2007,India,2593
2007,Azerbaijan,126
2007,Madagascar,81
2007,Lesotho,21
2007,Kenya,499
2007,South Korea,1127
2007,Macao,126
2007,Turkey,364
2007,Afghanistan,2498
2007,Fiji,70
2007,Northern Mariana Islands,8
2007,Eritrea,72
2007,Solomon Islands,19
2007,Saint Lucia,4
2007,San Marino,47
2007,Cyprus,109
2007,Mongolia,73
2007,France,4857
2007,Rwanda,250
2007,Slovakia,98
2007,Somalia,379
2007,Peru,401
2007,Laos,105
2007,Nauru,1
2007,Norway,588
2007,Malawi,47
2007,Cook Islands,44
2007,Benin,38
2007,Western Sahara,30
2007,Cuba,917
2007,Montenegro,49
2007,Republic of the Congo,5
2007,Togo,29
2007,Heard Island and McDonald Islands,1
2007,China,4355
2007,Armenia,114
2007,Dominican Republic,407
2007,Ukraine,402
2007,Ghana,135
2007,Tonga,17
2007,Finland,349
2007,Libya,227
2007,Indonesia,657
2007,Central African Republic,108
2007,Mauritius,63
2007,Liechtenstein,22
2007,Vietnam,1737
2007,British Virgin Islands,30
2007,Macedonia,80
2007,Guyana,62
2007,Mali,151
2007,Vatican City,320
2007,Russia,3440
2007,Bulgaria,214
2007,United States,27782
2007,Romania,281
2007,Angola,108
2007,French Southern Territories,3
2007,Cayman Islands,69
2007,South Africa,1359
2007,Tajikistan,50
2007,Sweden,723
2007,Malaysia,265
2007,Austria,522
2007,Mozambique,88
2007,Uganda,185
2007,Japan,3029
2007,Niger,149
2007,Isle of Man,13
2007,Saint Martin,100
2007,Falkland Islands,17
2007,Faroe Islands,13
2007,Kuwait,315
2007,Panama,386
2007,Ireland,423
2007,Costa Rica,177
2007,Luxembourg,137
2007,Cape Verde,36
2007,Bahamas,196
2007,Gibraltar,42
2007,Ivory Coast,145
2007,Italy,2498
2007,Nigeria,486
2007,Ecuador,238
2007,Bangladesh,269
2007,Brunei,16
2007,Belarus,145
2007,Iran,2850
2007,Algeria,202
2007,El Salvador,143
2007,Tuvalu,6
2007,Pitcairn Islands,3
2007,Czech Republic,371
2007,Marshall Islands,26
2007,Chile,395
2007,Puerto Rico,421
2007,Belgium,911
2007,Haiti,242
2007,Belize,64
2007,Hong Kong,1166
2007,Sierra Leone,182
2007,Georgia,46
2007,Gambia,36
2007,Philippines,391
2007,Moldova,39
2007,Portugal,332
2007,Morocco,294
2007,Namibia,56
2007,French Polynesia,7
2007,Guinea-Bissau,11
2007,Thailand,524
2007,Switzerland,894
2007,Grenada,35
2007,Denmark,394
2007,U.S. Virgin Islands,22
2007,Seychelles,13
2007,Chad,1
2007,Estonia,121
2007,Kosovo,287
2007,Mexico,3354
2007,Lebanon,911
2007,Uzbekistan,140
2007,Egypt,1160
2007,Djibouti,39
2007,Bermuda,232
2007,Antigua and Barbuda,2
2007,Spain,1820
2007,Colombia,453
2007,Burundi,54
2007,Taiwan,434
2007,Turks and Caicos Islands,3
2007,Barbados,71
2007,Qatar,248
2007,Cocos [Keeling] Islands,1
2007,Palau,16
2007,Curacao,28
2007,Bhutan,34
2007,Sudan,584
2007,Nepal,148
2007,Malta,92
2007,Democratic Republic of the Congo,3
2007,Netherlands,849
2007,Suriname,14
2007,Anguilla,26
2007,Venezuela,726
2007,Israel,3242
2007,Iceland,173
2007,Zambia,84
2007,Senegal,153
2007,Papua New Guinea,65
2007,Gabon,16
2007,Zimbabwe,244
2007,Jordan,110
2007,Vanuatu,18
2007,Martinique,29
2007,Kazakhstan,222
2007,Poland,930
2007,Mauritania,42
2007,Kyrgyzstan,58
2007,Mayotte,1
2007,Iraq,9524
2007,Montserrat,15
2007,New Caledonia,10
2007,Andorra,14
2007,North Korea,709
2007,Trinidad and Tobago,13
2007,Latvia,99
2007,South Sudan,118
2007,Hungary,281
2007,Syria,868
2007,Guadeloupe,46
2007,Honduras,140
2007,Myanmar,300
2007,Equatorial Guinea,13
2007,Tunisia,84
2007,Nicaragua,165
2007,Singapore,577
2007,Serbia,338
2007,Botswana,64
2007,United Kingdom,234
2007,Antarctica,142
2007,Christmas Island,335
2007,Greece,514
2007,Paraguay,61
2007,Croatia,159
2007,Comoros,8
2008,Canada,4459
2008,East Timor,30
2008,Guernsey,52
2008,Turkmenistan,50
2008,Saint Helena,5
2008,Lithuania,156
2008,Cambodia,203
2008,Ethiopia,208
2008,Aruba,30
2008,Sri Lanka,128
2008,Swaziland,26
2008,Palestine,249
2008,Argentina,867
2008,Bolivia,170
2008,Cameroon,105
2008,Burkina Faso,39
2008,Aland,4
2008,Bahrain,105
2008,Saudi Arabia,651
2008,Micronesia,37
2008,American Samoa,28
2008,Guatemala,248
2008,Bosnia and Herzegovina,6
2008,Guinea,265
2008,Germany,4659
2008,Dominica,15
2008,Australia,1824
2008,Liberia,121
2008,Maldives,35
2008,Pakistan,1575
2008,Oman,52
2008,Tanzania,147
2008,Bonaire,6
2008,Albania,98
2008,French Guiana,13
2008,Monaco,221
2008,New Zealand,554
2008,Yemen,140
2008,Brazil,1292
2008,Jamaica,785
2008,Greenland,103
2008,Samoa,39
2008,British Indian Ocean Territory,10
2008,Norfolk Island,21
2008,United Arab Emirates,267
2008,Guam,67
2008,Uruguay,85
2008,India,3129
2008,Azerbaijan,143
2008,Madagascar,99
2008,Lesotho,12
2008,Kenya,670
2008,Macao,57
2008,Turkey,322
2008,Afghanistan,2589
2008,Fiji,50
2008,Northern Mariana Islands,6
2008,Eritrea,31
2008,Solomon Islands,13
2008,Saint Lucia,5
2008,San Marino,34
2008,Cyprus,135
2008,Mongolia,112
2008,France,4756
2008,Rwanda,227
2008,Slovakia,140
2008,Somalia,296
2008,Peru,314
2008,Laos,76
2008,Nauru,4
2008,Norway,610
2008,Malawi,63
2008,Cook Islands,35
2008,Benin,50
2008,Western Sahara,25
2008,Cuba,991
2008,Montenegro,54
2008,Republic of the Congo,4
2008,Togo,38
2008,Heard Island and McDonald Islands,1
2008,China,6426
2008,Armenia,119
2008,Dominican Republic,355
2008,Ukraine,599
2008,Ghana,244
2008,Tonga,12
2008,Finland,433
2008,Libya,155
2008,Indonesia,522
2008,Central African Republic,59
2008,Mauritius,41
2008,Liechtenstein,101
2008,Vietnam,1611
2008,British Virgin Islands,21
2008,Macedonia,63
2008,Guyana,58
2008,Mali,105
2008,Vatican City,329
2008,Russia,4150
2008,Bulgaria,222
2008,United States,26908
2008,Romania,353
2008,Angola,123
2008,French Southern Territories,4
2008,Cayman Islands,58
2008,South Africa,1382
2008,Tajikistan,62
2008,Sweden,759
2008,Malaysia,250
2008,Austria,586
2008,Mozambique,70
2008,Uganda,145
2008,Japan,3052
2008,Niger,98
2008,Isle of Man,10
2008,Saint Martin,88
2008,Falkland Islands,6
2008,Faroe Islands,9
2008,Kuwait,325
2008,Panama,343
2008,Ireland,396
2008,Costa Rica,173
2008,Luxembourg,197
2008,Cape Verde,21
2008,Bahamas,178
2008,Gibraltar,27
2008,Ivory Coast,101
2008,Italy,2569
2008,Nigeria,439
2008,Ecuador,237
2008,Bangladesh,216
2008,Brunei,17
2008,Belarus,155
2008,Iran,2026
2008,Algeria,160
2008,El Salvador,110
2008,Tuvalu,5
2008,Czech Republic,405
2008,Marshall Islands,26
2008,Chile,336
2008,Puerto Rico,520
2008,Belgium,1058
2008,Kiribati,9
2008,Haiti,237
2008,Belize,57
2008,Hong Kong,1253
2008,Sierra Leone,102
2008,Georgia,194
2008,Gambia,18
2008,Philippines,329
2008,Moldova,34
2008,Portugal,323
2008,Morocco,280
2008,Namibia,82
2008,French Polynesia,11
2008,Guinea-Bissau,10
2008,Thailand,593
2008,Switzerland,1107
2008,Grenada,46
2008,Denmark,440
2008,U.S. Virgin Islands,15
2008,Seychelles,12
2008,Estonia,124
2008,Kosovo,258
2008,Mexico,3277
2008,Lebanon,617
2008,Uzbekistan,95
2008,Egypt,991
2008,Djibouti,32
2008,Bermuda,157
2008,Antigua and Barbuda,4
2008,Spain,1865
2008,Colombia,645
2008,Burundi,30
2008,Taiwan,580
2008,Turks and Caicos Islands,3
2008,Barbados,91
2008,Qatar,290
2008,Palau,16
2008,Curacao,31
2008,Bhutan,56
2008,Sudan,510
2008,Nepal,151
2008,Malta,55
2008,Democratic Republic of the Congo,1
2008,Netherlands,814
2008,Suriname,18
2008,Anguilla,18
2008,Venezuela,604
2008,Israel,3073
2008,Bouvet Island,1
2008,Iceland,307
2008,Zambia,79
2008,Senegal,140
2008,Papua New Guinea,39
2008,Gabon,50
2008,Zimbabwe,552
2008,Jordan,96
2008,Vanuatu,6
2008,Martinique,24
2008,Kazakhstan,188
2008,Poland,987
2008,Mauritania,38
2008,Kyrgyzstan,51
2008,Iraq,6731
2008,Montserrat,18
2008,New Caledonia,13
2008,Andorra,15
2008,North Korea,596
2008,Trinidad and Tobago,6
2008,Latvia,140
2008,South Sudan,136
2008,Hungary,323
2008,Syria,603
2008,Guadeloupe,12
2008,Sint Maarten,1
2008,Honduras,101
2008,Myanmar,332
2008,Equatorial Guinea,17
2008,Tunisia,81
2008,Nicaragua,123
2008,Singapore,716
2008,Serbia,436
2008,Botswana,58
2008,United Kingdom,208
2008,Antarctica,146
2008,Christmas Island,357
2008,Greece,569
2008,Paraguay,62
2008,Croatia,206
2008,Comoros,3
2008,South Korea,1131
2008,Slovenia,120
2009,Canada,4823
2009,East Timor,15
2009,Guernsey,105
2009,Turkmenistan,20
2009,Saint Helena,6
2009,Lithuania,122
2009,Cambodia,218
2009,Ethiopia,196
2009,Aruba,41
2009,Sri Lanka,260
2009,Swaziland,10
2009,Palestine,285
2009,Argentina,858
2009,Bolivia,143
2009,Cameroon,80
2009,Burkina Faso,33
2009,Aland,2
2009,Bahrain,113
2009,Saudi Arabia,613
2009,Micronesia,11
2009,American Samoa,26
2009,Slovenia,131
2009,Guatemala,140
2009,Bosnia and Herzegovina,6
2009,Germany,4611
2009,Dominica,9
2009,Australia,1761
2009,Liberia,123
2009,Maldives,32
2009,Pakistan,2164
2009,Oman,30
2009,Tanzania,179
2009,Bonaire,1
2009,Albania,69
2009,French Guiana,5
2009,Niue,3
2009,Monaco,224
2009,New Zealand,551
2009,Yemen,229
2009,Brazil,1327
2009,Jamaica,565
2009,Greenland,94
2009,Samoa,51
2009,British Indian Ocean Territory,6
2009,Norfolk Island,18
2009,United Arab Emirates,285
2009,Guam,45
2009,Uruguay,120
2009,India,2947
2009,Azerbaijan,99
2009,Madagascar,142
2009,Lesotho,14
2009,Kenya,505
2009,South Korea,1235
2009,Macao,77
2009,Turkey,343
2009,Afghanistan,4123
2009,Fiji,34
2009,Northern Mariana Islands,4
2009,Eritrea,40
2009,Solomon Islands,17
2009,Saint Lucia,2
2009,San Marino,29
2009,Cyprus,92
2009,Mongolia,94
2009,France,4581
2009,Rwanda,179
2009,Slovakia,141
2009,Somalia,406
2009,Peru,293
2009,Laos,89
2009,Nauru,5
2009,Norway,680
2009,Cook Islands,34
2009,Benin,23
2009,Western Sahara,20
2009,Cuba,988
2009,Montenegro,50
2009,Republic of the Congo,5
2009,Togo,34
2009,Heard Island and McDonald Islands,1
2009,China,4630
2009,Armenia,94
2009,Dominican Republic,384
2009,Ukraine,565
2009,Ghana,276
2009,Tonga,19
2009,Finland,352
2009,Libya,193
2009,Indonesia,522
2009,Central African Republic,64
2009,Mauritius,26
2009,Liechtenstein,53
2009,Vietnam,1217
2009,British Virgin Islands,51
2009,Macedonia,56
2009,Guyana,58
2009,Mali,92
2009,Vatican City,398
2009,Russia,3400
2009,Bulgaria,191
2009,United States,28350
2009,Romania,272
2009,Angola,98
2009,French Southern Territories,9
2009,Cayman Islands,84
2009,South Africa,1547
2009,Tajikistan,46
2009,South Georgia and the South Sandwich Islands,1
2009,Sweden,924
2009,Malaysia,269
2009,Austria,588
2009,Mozambique,48
2009,Uganda,157
2009,Japan,3022
2009,Niger,75
2009,Isle of Man,19
2009,Saint Martin,109
2009,Falkland Islands,10
2009,Faroe Islands,4
2009,Kuwait,200
2009,Panama,331
2009,Ireland,397
2009,Costa Rica,308
2009,Luxembourg,170
2009,Cape Verde,36
2009,Bahamas,188
2009,Gibraltar,55
2009,Ivory Coast,110
2009,Italy,2691
2009,Nigeria,335
2009,Ecuador,199
2009,Bangladesh,174
2009,Brunei,7
2009,Belarus,133
2009,Iran,2429
2009,Algeria,153
2009,El Salvador,187
2009,Tuvalu,9
2009,Pitcairn Islands,2
2009,Czech Republic,465
2009,Marshall Islands,18
2009,Chile,374
2009,Puerto Rico,433
2009,Belgium,1152
2009,Kiribati,3
2009,Haiti,220
2009,Belize,54
2009,Sierra Leone,91
2009,Georgia,65
2009,Gambia,39
2009,Philippines,443
2009,Moldova,66
2009,Portugal,327
2009,Morocco,300
2009,Namibia,53
2009,French Polynesia,4
2009,Guinea-Bissau,32
2009,Thailand,481
2009,Switzerland,1304
2009,Grenada,47
2009,Denmark,538
2009,U.S. Virgin Islands,24
2009,Seychelles,28
2009,Estonia,86
2009,Kosovo,99
2009,Mexico,3100
2009,Lebanon,591
2009,Uzbekistan,107
2009,Egypt,1228
2009,Djibouti,23
2009,Bermuda,203
2009,Antigua and Barbuda,4
2009,Spain,1919
2009,Colombia,379
2009,Burundi,58
2009,Taiwan,530
2009,Turks and Caicos Islands,9
2009,Barbados,53
2009,Qatar,232
2009,Cocos [Keeling] Islands,1
2009,Palau,45
2009,Curacao,22
2009,Bhutan,44
2009,Sudan,366
2009,Nepal,123
2009,Malta,87
2009,Democratic Republic of the Congo,2
2009,Suriname,14
2009,Anguilla,17
2009,Venezuela,547
2009,Israel,3248
2009,Iceland,228
2009,Zambia,56
2009,Papua New Guinea,34
2009,Gabon,47
2009,Zimbabwe,275
2009,Jordan,68
2009,Vanuatu,2
2009,Martinique,25
2009,Kazakhstan,163
2009,Poland,886
2009,Mauritania,27
2009,Kyrgyzstan,89
2009,Mayotte,1
2009,Iraq,4106
2009,Montserrat,25
2009,New Caledonia,9
2009,Andorra,37
2009,North Korea,837
2009,Trinidad and Tobago,18
2009,Latvia,191
2009,South Sudan,119
2009,Hungary,375
2009,Syria,418
2009,Guadeloupe,13
2009,Honduras,358
2009,Myanmar,251
2009,Equatorial Guinea,23
2009,Tunisia,87
2009,Nicaragua,158
2009,Singapore,628
2009,Serbia,259
2009,Botswana,60
2009,United Kingdom,254
2009,Antarctica,116
2009,Christmas Island,286
2009,Greece,528
2009,Paraguay,77
2009,Croatia,184
2009,Comoros,13
2009,Guinea,287
2009,Malawi,72
2009,Hong Kong,1340
2009,Netherlands,887
2009,Senegal,146
2010,Bahrain,132
2010,Panama,253
2010,Canada,5282
2010,East Timor,23
2010,Guernsey,46
2010,Turkmenistan,17
2010,Saint Helena,1
2010,Lithuania,110
2010,Cambodia,219
2010,Ethiopia,294
2010,Aruba,36
2010,Sri Lanka,159
2010,Swaziland,14
2010,Palestine,235
2010,Argentina,873
2010,Bolivia,124
2010,Cameroon,125
2010,Burkina Faso,39
2010,Aland,3
2010,Saudi Arabia,559
2010,Micronesia,13
2010,American Samoa,24
2010,Slovenia,245
2010,Guatemala,188
2010,Bosnia and Herzegovina,10
2010,Guinea,301
2010,Germany,4737
2010,Saint Barthelemy,1
2010,Dominica,8
2010,Australia,1886
2010,Liberia,94
2010,Maldives,38
2010,Pakistan,1799
2010,Oman,35
2010,Tanzania,169
2010,Bonaire,8
2010,Albania,56
2010,French Guiana,6
2010,Niue,2
2010,Monaco,167
2010,New Zealand,569
2010,Yemen,460
2010,Brazil,1602
2010,Jamaica,519
2010,Greenland,84
2010,Samoa,27
2010,British Indian Ocean Territory,5
2010,Norfolk Island,37
2010,United Arab Emirates,316
2010,Guam,46
2010,Uruguay,234
2010,India,2779
2010,Azerbaijan,135
2010,Madagascar,123
2010,Lesotho,12
2010,Kenya,499
2010,South Korea,1476
2010,Macao,37
2010,Turkey,399
2010,Afghanistan,3984
2010,Fiji,51
2010,Northern Mariana Islands,4
2010,Eritrea,23
2010,Solomon Islands,27
2010,Saint Lucia,5
2010,San Marino,44
2010,Cyprus,103
2010,Mongolia,116
2010,France,4446
2010,Rwanda,211
2010,Slovakia,223
2010,Somalia,362
2010,Peru,327
2010,Laos,61
2010,Nauru,8
2010,Norway,768
2010,Malawi,75
2010,Cook Islands,36
2010,Benin,41
2010,Western Sahara,15
2010,Cuba,683
2010,Montenegro,65
2010,Republic of the Congo,8
2010,Togo,58
2010,China,4694
2010,Armenia,99
2010,Dominican Republic,361
2010,Ukraine,422
2010,Ghana,352
2010,Tonga,17
2010,Finland,360
2010,Libya,125
2010,Indonesia,584
2010,Central African Republic,60
2010,Mauritius,28
2010,Liechtenstein,35
2010,Vietnam,1265
2010,British Virgin Islands,38
2010,Macedonia,36
2010,Guyana,54
2010,Mali,87
2010,Vatican City,444
2010,Russia,3353
2010,Bulgaria,212
2010,United States,27573
2010,Romania,275
2010,Angola,128
2010,French Southern Territories,24
2010,Cayman Islands,49
2010,South Africa,1944
2010,Tokelau,3
2010,Tajikistan,49
2010,Sweden,860
2010,Malaysia,271
2010,Austria,517
2010,Mozambique,72
2010,Uganda,254
2010,Japan,2999
2010,Niger,115
2010,Isle of Man,12
2010,Saint Martin,82
2010,Falkland Islands,21
2010,Faroe Islands,6
2010,Kuwait,182
2010,Ireland,430
2010,Costa Rica,190
2010,Luxembourg,200
2010,Cape Verde,19
2010,Bahamas,134
2010,Gibraltar,35
2010,Ivory Coast,237
2010,Italy,2621
2010,Nigeria,471
2010,Ecuador,243
2010,Bangladesh,167
2010,Brunei,21
2010,Belarus,163
2010,Iran,1720
2010,Algeria,271
2010,El Salvador,136
2010,Tuvalu,4
2010,Pitcairn Islands,2
2010,Czech Republic,325
2010,Marshall Islands,31
2010,Chile,591
2010,Puerto Rico,367
2010,Belgium,1248
2010,Kiribati,7
2010,Haiti,1525
2010,Belize,51
2010,Hong Kong,1255
2010,Sierra Leone,69
2010,Georgia,35
2010,Gambia,17
2010,Philippines,400
2010,Moldova,31
2010,Portugal,887
2010,Morocco,280
2010,Namibia,46
2010,French Polynesia,12
2010,Guinea-Bissau,11
2010,Thailand,514
2010,Switzerland,1341
2010,Grenada,30
2010,Denmark,457
2010,U.S. Virgin Islands,16
2010,Seychelles,31
2010,Chad,1
2010,Estonia,126
2010,Kosovo,90
2010,Mexico,4371
2010,Lebanon,491
2010,Uzbekistan,119
2010,Egypt,1046
2010,Djibouti,19
2010,Bermuda,174
2010,Antigua and Barbuda,1
2010,Spain,2536
2010,Colombia,460
2010,Burundi,57
2010,Taiwan,472
2010,Turks and Caicos Islands,1
2010,Barbados,57
2010,Qatar,281
2010,Palau,33
2010,Curacao,24
2010,Bhutan,23
2010,Sudan,336
2010,Nepal,171
2010,Malta,81
2010,Democratic Republic of the Congo,5
2010,Netherlands,1042
2010,Suriname,8
2010,Anguilla,15
2010,Venezuela,400
2010,Israel,2948
2010,Iceland,382
2010,Zambia,68
2010,Senegal,129
2010,Papua New Guinea,70
2010,Gabon,44
2010,Zimbabwe,186
2010,Jordan,52
2010,Vanuatu,8
2010,Martinique,25
2010,Kazakhstan,158
2010,Poland,898
2010,Mauritania,26
2010,Kyrgyzstan,151
2010,Mayotte,2
2010,Iraq,3175
2010,Montserrat,5
2010,New Caledonia,12
2010,Andorra,20
2010,North Korea,758
2010,Trinidad and Tobago,11
2010,Latvia,150
2010,South Sudan,122
2010,Hungary,335
2010,Syria,363
2010,Guadeloupe,20
2010,Honduras,165
2010,Myanmar,165
2010,Equatorial Guinea,26
2010,Tunisia,70
2010,Nicaragua,121
2010,Singapore,614
2010,Serbia,320
2010,Botswana,39
2010,United Kingdom,267
2010,Antarctica,135
2010,Christmas Island,284
2010,Greece,1654
2010,Paraguay,145
2010,Croatia,200
2010,Comoros,2
2011,Lithuania,116
2011,Somalia,484
2011,Ecuador,252
2011,Canada,4628
2011,East Timor,21
2011,Guernsey,17
2011,Turkmenistan,33
2011,Saint Helena,8
2011,Cambodia,242
2011,Ethiopia,315
2011,Aruba,34
2011,Sri Lanka,168
2011,Swaziland,19
2011,Palestine,335
2011,Argentina,828
2011,Bolivia,145
2011,Cameroon,103
2011,Burkina Faso,66
2011,Aland,4
2011,Bahrain,633
2011,Saudi Arabia,887
2011,Micronesia,9
2011,American Samoa,21
2011,Slovenia,152
2011,Guatemala,201
2011,Bosnia and Herzegovina,9
2011,Guinea,355
2011,Germany,5030
2011,Saint Barthelemy,2
2011,Dominica,24
2011,Australia,1838
2011,Liberia,128
2011,Maldives,50
2011,Pakistan,1788
2011,Oman,118
2011,Tanzania,162
2011,Bonaire,3
2011,Albania,85
2011,French Guiana,11
2011,Monaco,254
2011,New Zealand,563
2011,Yemen,1006
2011,Brazil,1675
2011,Jamaica,565
2011,Greenland,104
2011,Samoa,31
2011,British Indian Ocean Territory,13
2011,Norfolk Island,35
2011,United Arab Emirates,317
2011,Guam,37
2011,Uruguay,155
2011,India,3555
2011,Azerbaijan,103
2011,Madagascar,115
2011,Lesotho,13
2011,Kenya,624
2011,South Korea,1072
2011,Macao,36
2011,Turkey,441
2011,Afghanistan,3474
2011,Fiji,66
2011,Northern Mariana Islands,9
2011,Eritrea,47
2011,Solomon Islands,16
2011,Saint Lucia,10
2011,San Marino,62
2011,Cyprus,143
2011,Mongolia,103
2011,France,5148
2011,Rwanda,192
2011,Slovakia,150
2011,Peru,307
2011,Laos,99
2011,Nauru,7
2011,Norway,765
2011,Malawi,53
2011,Cook Islands,41
2011,Benin,50
2011,Western Sahara,37
2011,Cuba,730
2011,Montenegro,75
2011,Republic of the Congo,9
2011,Togo,24
2011,China,4789
2011,Armenia,87
2011,Dominican Republic,267
2011,Ukraine,499
2011,Ghana,187
2011,Tonga,36
2011,Finland,440
2011,Libya,2998
2011,Indonesia,526
2011,Central African Republic,61
2011,Mauritius,38
2011,Liechtenstein,32
2011,Vietnam,1270
2011,British Virgin Islands,30
2011,Macedonia,55
2011,Guyana,57
2011,Mali,120
2011,Vatican City,260
2011,Russia,3161
2011,Bulgaria,131
2011,United States,28896
2011,Romania,270
2011,Angola,85
2011,French Southern Territories,32
2011,Cayman Islands,66
2011,South Africa,1770
2011,Tokelau,1
2011,Tajikistan,52
2011,Sweden,986
2011,Malaysia,225
2011,Austria,588
2011,Mozambique,70
2011,Uganda,313
2011,Japan,4085
2011,Niger,150
2011,Isle of Man,9
2011,Saint Martin,78
2011,Falkland Islands,12
2011,Faroe Islands,14
2011,Kuwait,281
2011,Panama,378
2011,Ireland,406
2011,Costa Rica,257
2011,Luxembourg,260
2011,Cape Verde,17
2011,Bahamas,117
2011,Gibraltar,37
2011,Ivory Coast,297
2011,Italy,3461
2011,Nigeria,362
2011,Bangladesh,244
2011,Brunei,20
2011,Belarus,249
2011,Iran,1729
2011,Algeria,277
2011,El Salvador,157
2011,Tuvalu,18
2011,Czech Republic,338
2011,Marshall Islands,43
2011,Chile,598
2011,Puerto Rico,351
2011,Belgium,1387
2011,Kiribati,5
2011,Haiti,507
2011,Belize,44
2011,Hong Kong,1275
2011,Sierra Leone,93
2011,Georgia,46
2011,Gambia,23
2011,Philippines,438
2011,Moldova,43
2011,Portugal,866
2011,Morocco,387
2011,Namibia,57
2011,French Polynesia,12
2011,Guinea-Bissau,12
2011,Thailand,547
2011,Switzerland,1013
2011,Grenada,36
2011,Denmark,480
2011,U.S. Virgin Islands,16
2011,Seychelles,14
2011,Estonia,136
2011,Kosovo,128
2011,Mexico,3339
2011,Lebanon,849
2011,Uzbekistan,100
2011,Egypt,3304
2011,Djibouti,37
2011,Bermuda,175
2011,Spain,2494
2011,Colombia,528
2011,Burundi,36
2011,Taiwan,423
2011,Turks and Caicos Islands,1
2011,Barbados,49
2011,Qatar,519
2011,Cocos [Keeling] Islands,2
2011,Palau,60
2011,Curacao,27
2011,Bhutan,55
2011,Sudan,471
2011,Nepal,154
2011,Malta,118
2011,Democratic Republic of the Congo,9
2011,Netherlands,962
2011,Suriname,44
2011,Anguilla,11
2011,Venezuela,379
2011,Israel,3303
2011,Iceland,252
2011,Zambia,92
2011,Senegal,134
2011,Papua New Guinea,71
2011,Gabon,38
2011,Zimbabwe,201
2011,Jordan,96
2011,Vanuatu,6
2011,Martinique,23
2011,Kazakhstan,157
2011,Poland,756
2011,Mauritania,51
2011,Kyrgyzstan,40
2011,Mayotte,1
2011,Iraq,3214
2011,Montserrat,19
2011,New Caledonia,9
2011,Andorra,17
2011,North Korea,504
2011,Trinidad and Tobago,10
2011,Latvia,97
2011,South Sudan,256
2011,Hungary,303
2011,Syria,1366
2011,Guadeloupe,32
2011,Sint Maarten,1
2011,Honduras,169
2011,Myanmar,218
2011,Equatorial Guinea,47
2011,Tunisia,1072
2011,Nicaragua,106
2011,Singapore,660
2011,Serbia,326
2011,Botswana,72
2011,United Kingdom,279
2011,Antarctica,134
2011,Christmas Island,320
2011,Greece,1887
2011,Paraguay,108
2011,Croatia,232
2011,Comoros,10
2012,Bangladesh,324
2012,Sint Maarten,2
2012,Canada,4251
2012,East Timor,28
2012,Sao Tome and Principe,1
2012,Guernsey,13
2012,Turkmenistan,39
2012,Saint Helena,4
2012,Lithuania,123
2012,Cambodia,266
2012,Ethiopia,264
2012,Aruba,35
2012,Sri Lanka,176
2012,Swaziland,14
2012,Palestine,295
2012,Argentina,809
2012,Bolivia,92
2012,Cameroon,71
2012,Burkina Faso,34
2012,Aland,1
2012,Bahrain,293
2012,Saudi Arabia,697
2012,Micronesia,11
2012,American Samoa,19
2012,Slovenia,125
2012,Guatemala,278
2012,Bosnia and Herzegovina,11
2012,Guinea,280
2012,Germany,4806
2012,Saint Barthelemy,1
2012,Dominica,14
2012,Australia,1921
2012,Liberia,75
2012,Maldives,90
2012,Pakistan,1566
2012,Oman,88
2012,Tanzania,128
2012,Bonaire,4
2012,Albania,56
2012,French Guiana,13
2012,Monaco,192
2012,New Zealand,616
2012,Yemen,515
2012,Brazil,1522
2012,Jamaica,621
2012,Greenland,94
2012,Samoa,41
2012,British Indian Ocean Territory,3
2012,Norfolk Island,69
2012,United Arab Emirates,276
2012,Guam,64
2012,Uruguay,98
2012,India,4605
2012,Azerbaijan,124
2012,Madagascar,110
2012,Lesotho,13
2012,Kenya,480
2012,South Korea,1142
2012,Macao,37
2012,Turkey,546
2012,Afghanistan,2982
2012,Fiji,46
2012,Northern Mariana Islands,9
2012,Eritrea,42
2012,Solomon Islands,40
2012,Saint Lucia,14
2012,San Marino,57
2012,Cyprus,188
2012,Mongolia,123
2012,France,4907
2012,Rwanda,200
2012,Slovakia,130
2012,Somalia,330
2012,Peru,258
2012,Laos,75
2012,Nauru,13
2012,Norway,663
2012,Malawi,62
2012,Cook Islands,38
2012,Benin,37
2012,Western Sahara,28
2012,Cuba,811
2012,Montenegro,43
2012,Republic of the Congo,20
2012,Togo,23
2012,China,5574
2012,Armenia,74
2012,Dominican Republic,266
2012,Ukraine,489
2012,Ghana,180
2012,Tonga,18
2012,Finland,455
2012,Libya,1166
2012,Indonesia,493
2012,Central African Republic,76
2012,Mauritius,31
2012,Liechtenstein,21
2012,Vietnam,1275
2012,British Virgin Islands,35
2012,Macedonia,40
2012,Guyana,42
2012,Mali,264
2012,Vatican City,374
2012,Russia,3583
2012,Bulgaria,194
2012,United States,28155
2012,Romania,249
2012,Angola,94
2012,French Southern Territories,17
2012,Cayman Islands,131
2012,South Africa,1645
2012,Tokelau,1
2012,Tajikistan,41
2012,Sweden,874
2012,Malaysia,348
2012,Austria,518
2012,Mozambique,79
2012,Uganda,240
2012,Japan,3127
2012,Niger,94
2012,Isle of Man,10
2012,Saint Martin,129
2012,Falkland Islands,30
2012,Faroe Islands,13
2012,Kuwait,193
2012,Panama,259
2012,Ireland,452
2012,Costa Rica,194
2012,Luxembourg,245
2012,Cape Verde,16
2012,Bahamas,124
2012,Gibraltar,27
2012,Ivory Coast,169
2012,Italy,3007
2012,Nigeria,440
2012,Ecuador,209
2012,Brunei,47
2012,Belarus,211
2012,Iran,2456
2012,Algeria,153
2012,El Salvador,119
2012,Tuvalu,10
2012,Pitcairn Islands,1
2012,Czech Republic,352
2012,Marshall Islands,33
2012,Chile,473
2012,Puerto Rico,328
2012,Belgium,1395
2012,Kiribati,3
2012,Haiti,336
2012,Belize,84
2012,Hong Kong,1569
2012,Sierra Leone,84
2012,Georgia,54
2012,Gambia,18
2012,Philippines,510
2012,Moldova,41
2012,Portugal,687
2012,Morocco,316
2012,Namibia,55
2012,French Polynesia,8
2012,Guinea-Bissau,27
2012,Thailand,563
2012,Switzerland,1076
2012,Grenada,46
2012,Denmark,454
2012,U.S. Virgin Islands,15
2012,Seychelles,19
2012,Chad,1
2012,Estonia,115
2012,Kosovo,99
2012,Mexico,3047
2012,Lebanon,968
2012,Uzbekistan,107
2012,Egypt,2036
2012,Djibouti,26
2012,Bermuda,162
2012,Antigua and Barbuda,8
2012,Spain,2817
2012,Colombia,475
2012,Burundi,21
2012,Taiwan,483
2012,Turks and Caicos Islands,2
2012,Barbados,36
2012,Qatar,602
2012,Cocos [Keeling] Islands,4
2012,Palau,53
2012,Curacao,32
2012,Bhutan,64
2012,Sudan,429
2012,Nepal,191
2012,Malta,102
2012,Democratic Republic of the Congo,20
2012,Netherlands,957
2012,Suriname,15
2012,Anguilla,5
2012,Venezuela,493
2012,Israel,3435
2012,Iceland,189
2012,Zambia,70
2012,Senegal,159
2012,Papua New Guinea,60
2012,Gabon,62
2012,Zimbabwe,148
2012,Jordan,83
2012,Vanuatu,11
2012,Martinique,21
2012,Kazakhstan,198
2012,Poland,837
2012,Mauritania,51
2012,Kyrgyzstan,43
2012,Mayotte,3
2012,Iraq,2506
2012,Montserrat,10
2012,New Caledonia,16
2012,Andorra,15
2012,North Korea,600
2012,Trinidad and Tobago,7
2012,Latvia,108
2012,South Sudan,251
2012,Hungary,294
2012,Syria,2197
2012,Guadeloupe,15
2012,Honduras,168
2012,Myanmar,442
2012,Equatorial Guinea,32
2012,Tunisia,413
2012,Nicaragua,100
2012,Singapore,742
2012,Serbia,262
2012,Botswana,70
2012,United Kingdom,255
2012,Antarctica,148
2012,Christmas Island,253
2012,Greece,1943
2012,Paraguay,44
2012,Croatia,202
2012,Comoros,6
2013,Saint Barthelemy,1
2013,Guam,60
2013,Hong Kong,1388
2013,Netherlands,797
2013,Canada,3543
2013,East Timor,14
2013,Guernsey,13
2013,Turkmenistan,22
2013,Saint Helena,3
2013,Lithuania,124
2013,Cambodia,247
2013,Ethiopia,200
2013,Aruba,15
2013,Sri Lanka,173
2013,Swaziland,5
2013,Palestine,233
2013,Argentina,748
2013,Bolivia,99
2013,Cameroon,75
2013,Burkina Faso,61
2013,Aland,1
2013,Bahrain,137
2013,Saudi Arabia,576
2013,Micronesia,2
2013,American Samoa,22
2013,Slovenia,122
2013,Guatemala,167
2013,Bosnia and Herzegovina,8
2013,Guinea,248
2013,Germany,4207
2013,Dominica,10
2013,Australia,1583
2013,Liberia,53
2013,Maldives,32
2013,Pakistan,1208
2013,Oman,66
2013,Tanzania,166
2013,Bonaire,1
2013,Albania,57
2013,French Guiana,6
2013,Niue,2
2013,Monaco,206
2013,Wallis and Futuna,1
2013,New Zealand,582
2013,Yemen,379
2013,Brazil,1483
2013,Jamaica,454
2013,Greenland,67
2013,Samoa,37
2013,British Indian Ocean Territory,11
2013,Norfolk Island,38
2013,United Arab Emirates,335
2013,Uruguay,159
2013,India,3130
2013,Azerbaijan,69
2013,Madagascar,64
2013,Lesotho,11
2013,Kenya,524
2013,South Korea,1159
2013,Macao,17
2013,Turkey,540
2013,Afghanistan,1917
2013,Fiji,41
2013,Northern Mariana Islands,4
2013,Eritrea,33
2013,Solomon Islands,14
2013,Saint Lucia,5
2013,San Marino,60
2013,Cyprus,381
2013,Mongolia,112
2013,France,3976
2013,Rwanda,173
2013,Slovakia,123
2013,Somalia,328
2013,Peru,250
2013,Laos,80
2013,Nauru,18
2013,Norway,595
2013,Malawi,36
2013,Cook Islands,43
2013,Benin,29
2013,Western Sahara,38
2013,Cuba,737
2013,Montenegro,40
2013,Republic of the Congo,18
2013,Togo,32
2013,China,4295
2013,Armenia,72
2013,Dominican Republic,240
2013,Ukraine,436
2013,Ghana,204
2013,Tonga,12
2013,Finland,401
2013,Libya,707
2013,Indonesia,462
2013,Central African Republic,171
2013,Mauritius,17
2013,Liechtenstein,37
2013,Vietnam,1023
2013,British Virgin Islands,28
2013,Macedonia,22
2013,Guyana,39
2013,Mali,432
2013,Vatican City,467
2013,Russia,3390
2013,Bulgaria,195
2013,United States,23132
2013,Romania,261
2013,Angola,99
2013,French Southern Territories,4
2013,Cayman Islands,70
2013,South Africa,1516
2013,Tokelau,1
2013,Tajikistan,30
2013,Sweden,673
2013,Malaysia,300
2013,Austria,552
2013,Mozambique,71
2013,Uganda,195
2013,Japan,2863
2013,Niger,144
2013,Isle of Man,11
2013,Saint Martin,84
2013,Falkland Islands,25
2013,Faroe Islands,5
2013,Kuwait,144
2013,Panama,282
2013,Ireland,389
2013,Costa Rica,248
2013,Luxembourg,209
2013,Cape Verde,19
2013,Bahamas,113
2013,Gibraltar,49
2013,Ivory Coast,110
2013,Italy,2488
2013,Nigeria,421
2013,Ecuador,183
2013,Bangladesh,433
2013,Brunei,48
2013,Belarus,105
2013,Iran,1837
2013,Algeria,229
2013,El Salvador,110
2013,Tuvalu,10
2013,Pitcairn Islands,1
2013,Czech Republic,242
2013,Marshall Islands,20
2013,Chile,487
2013,Puerto Rico,309
2013,Belgium,1283
2013,Kiribati,8
2013,Haiti,265
2013,Belize,43
2013,Sierra Leone,62
2013,Georgia,29
2013,Gambia,16
2013,Philippines,594
2013,Moldova,54
2013,Portugal,470
2013,Morocco,239
2013,Namibia,39
2013,French Polynesia,8
2013,Guinea-Bissau,12
2013,Thailand,499
2013,Switzerland,950
2013,Grenada,36
2013,Denmark,343
2013,U.S. Virgin Islands,14
2013,Seychelles,13
2013,Estonia,89
2013,Kosovo,120
2013,Mexico,2585
2013,Lebanon,807
2013,Uzbekistan,73
2013,Egypt,1713
2013,Djibouti,25
2013,Bermuda,143
2013,Antigua and Barbuda,2
2013,Spain,1767
2013,Colombia,325
2013,Burundi,30
2013,Taiwan,398
2013,Turks and Caicos Islands,2
2013,Barbados,40
2013,Qatar,453
2013,Cocos [Keeling] Islands,1
2013,Palau,30
2013,Curacao,30
2013,Bhutan,48
2013,Sudan,280
2013,Nepal,170
2013,Malta,84
2013,Democratic Republic of the Congo,17
2013,Suriname,11
2013,Anguilla,9
2013,Venezuela,430
2013,Israel,2880
2013,Iceland,248
2013,Zambia,64
2013,Senegal,177
2013,Papua New Guinea,48
2013,Gabon,32
2013,Zimbabwe,152
2013,Jordan,83
2013,Vanuatu,10
2013,Martinique,17
2013,Kazakhstan,152
2013,Poland,726
2013,Mauritania,52
2013,Kyrgyzstan,47
2013,Mayotte,2
2013,Iraq,1893
2013,Montserrat,7
2013,New Caledonia,16
2013,Andorra,11
2013,North Korea,775
2013,Trinidad and Tobago,9
2013,Latvia,99
2013,South Sudan,157
2013,Hungary,251
2013,Syria,2304
2013,Guadeloupe,4
2013,Honduras,190
2013,Myanmar,303
2013,Equatorial Guinea,16
2013,Tunisia,208
2013,Nicaragua,92
2013,Singapore,591
2013,Serbia,244
2013,Botswana,49
2013,United Kingdom,232
2013,Antarctica,134
2013,Christmas Island,239
2013,Greece,951
2013,Paraguay,53
2013,Croatia,219
2013,Comoros,6
2014,South Korea,1348
2014,Curacao,20
2014,Canada,3517
2014,East Timor,15
2014,Guernsey,17
2014,Turkmenistan,19
2014,Saint Helena,7
2014,Lithuania,198
2014,Cambodia,192
2014,Ethiopia,214
2014,Aruba,31
2014,Sri Lanka,160
2014,Swaziland,13
2014,Palestine,392
2014,Argentina,895
2014,Bolivia,116
2014,Cameroon,169
2014,Burkina Faso,71
2014,Aland,1
2014,Bahrain,149
2014,Saudi Arabia,647
2014,Micronesia,10
2014,American Samoa,20
2014,Slovenia,132
2014,Guatemala,208
2014,Bosnia and Herzegovina,23
2014,Guinea,549
2014,Germany,4986
2014,Saint Barthelemy,1
2014,Dominica,15
2014,Australia,1972
2014,Liberia,546
2014,Maldives,31
2014,Pakistan,1071
2014,Oman,49
2014,Tanzania,132
2014,Bonaire,4
2014,Albania,75
2014,French Guiana,16
2014,Monaco,253
2014,New Zealand,552
2014,Yemen,341
2014,Brazil,2026
2014,Jamaica,376
2014,Greenland,61
2014,Samoa,37
2014,British Indian Ocean Territory,4
2014,Norfolk Island,53
2014,United Arab Emirates,317
2014,Guam,47
2014,Uruguay,252
2014,India,2910
2014,Azerbaijan,109
2014,Madagascar,94
2014,Lesotho,5
2014,Kenya,440
2014,Macao,12
2014,Turkey,524
2014,Afghanistan,1912
2014,Fiji,49
2014,Northern Mariana Islands,4
2014,Eritrea,33
2014,Solomon Islands,29
2014,Saint Lucia,3
2014,San Marino,48
2014,Cyprus,164
2014,Mongolia,111
2014,France,4428
2014,Rwanda,224
2014,Slovakia,161
2014,Somalia,297
2014,Peru,306
2014,Laos,63
2014,Nauru,9
2014,Norway,720
2014,Malawi,43
2014,Cook Islands,28
2014,Benin,34
2014,Western Sahara,17
2014,Cuba,812
2014,Montenegro,39
2014,Republic of the Congo,15
2014,Togo,22
2014,China,4967
2014,Armenia,69
2014,Dominican Republic,238
2014,Ukraine,2927
2014,Ghana,321
2014,Tonga,14
2014,Finland,419
2014,Libya,622
2014,Indonesia,569
2014,Central African Republic,218
2014,Mauritius,29
2014,Liechtenstein,54
2014,Vietnam,1132
2014,British Virgin Islands,30
2014,Macedonia,34
2014,Guyana,37
2014,Mali,212
2014,Vatican City,368
2014,Russia,4730
2014,Bulgaria,182
2014,United States,24779
2014,Romania,283
2014,Angola,75
2014,French Southern Territories,6
2014,Cayman Islands,51
2014,South Africa,1493
2014,Tajikistan,31
2014,Sweden,847
2014,Malaysia,878
2014,Austria,592
2014,Mozambique,74
2014,Uganda,237
2014,Japan,2826
2014,Niger,65
2014,Isle of Man,11
2014,Saint Martin,99
2014,Falkland Islands,12
2014,Faroe Islands,9
2014,Kuwait,143
2014,Panama,221
2014,Ireland,405
2014,Costa Rica,249
2014,Luxembourg,262
2014,Cape Verde,16
2014,Bahamas,125
2014,Gibraltar,41
2014,Ivory Coast,173
2014,Italy,2478
2014,Nigeria,725
2014,Ecuador,229
2014,Bangladesh,299
2014,Brunei,49
2014,Belarus,197
2014,Iran,1578
2014,Algeria,241
2014,El Salvador,163
2014,Tuvalu,3
2014,Pitcairn Islands,1
2014,Czech Republic,256
2014,Marshall Islands,27
2014,Chile,521
2014,Puerto Rico,328
2014,Belgium,1517
2014,Kiribati,13
2014,Haiti,247
2014,Belize,54
2014,Hong Kong,1722
2014,Sierra Leone,428
2014,Georgia,29
2014,Gambia,19
2014,Philippines,525
2014,Moldova,98
2014,Portugal,563
2014,Morocco,250
2014,Namibia,44
2014,French Polynesia,5
2014,Guinea-Bissau,12
2014,Thailand,581
2014,Switzerland,1271
2014,Grenada,34
2014,Denmark,416
2014,U.S. Virgin Islands,19
2014,Seychelles,28
2014,Chad,1
2014,Estonia,164
2014,Kosovo,123
2014,Mexico,2515
2014,Lebanon,669
2014,Svalbard and Jan Mayen,1
2014,Uzbekistan,67
2014,Egypt,1450
2014,Djibouti,21
2014,Bermuda,151
2014,Spain,1878
2014,Colombia,493
2014,Burundi,28
2014,Taiwan,443
2014,Turks and Caicos Islands,2
2014,Barbados,50
2014,Qatar,490
2014,Cocos [Keeling] Islands,3
2014,Palau,30
2014,Bhutan,38
2014,Sudan,442
2014,Nepal,214
2014,Malta,77
2014,Democratic Republic of the Congo,12
2014,Netherlands,1105
2014,Suriname,18
2014,Anguilla,8
2014,Venezuela,434
2014,Israel,3037
2014,Iceland,187
2014,Zambia,67
2014,Senegal,158
2014,Papua New Guinea,46
2014,Gabon,36
2014,Zimbabwe,110
2014,Jordan,83
2014,Vanuatu,6
2014,Martinique,21
2014,Kazakhstan,191
2014,Poland,931
2014,Mauritania,31
2014,Kyrgyzstan,42
2014,Mayotte,9
2014,Iraq,3189
2014,Montserrat,12
2014,New Caledonia,11
2014,Andorra,13
2014,North Korea,578
2014,Trinidad and Tobago,7
2014,Latvia,176
2014,South Sudan,270
2014,Hungary,287
2014,Syria,2725
2014,Guadeloupe,11
2014,Sint Maarten,1
2014,Honduras,216
2014,Myanmar,300
2014,Equatorial Guinea,21
2014,Tunisia,198
2014,Nicaragua,127
2014,Singapore,639
2014,Serbia,248
2014,Botswana,38
2014,United Kingdom,344
2014,Antarctica,125
2014,Christmas Island,210
2014,Greece,840
2014,Paraguay,38
2014,Croatia,312
2014,Comoros,5
2015,Canada,3318
2015,East Timor,21
2015,Sao Tome and Principe,2
2015,Guernsey,5
2015,Turkmenistan,20
2015,Saint Helena,7
2015,Lithuania,133
2015,Cambodia,185
2015,Ethiopia,269
2015,Aruba,33
2015,Sri Lanka,154
2015,Swaziland,7
2015,Palestine,270
2015,Argentina,811
2015,Bolivia,129
2015,Cameroon,122
2015,Burkina Faso,78
2015,Aland,2
2015,Bahrain,130
2015,Saudi Arabia,990
2015,Micronesia,6
2015,American Samoa,18
2015,Slovenia,144
2015,Guatemala,187
2015,Bosnia and Herzegovina,9
2015,Guinea,416
2015,Germany,4673
2015,Saint Barthelemy,2
2015,Dominica,15
2015,Australia,1769
2015,Liberia,231
2015,Maldives,32
2015,Pakistan,921
2015,Oman,94
2015,Tanzania,134
2015,Bonaire,2
2015,Albania,64
2015,French Guiana,12
2015,Monaco,200
2015,New Zealand,576
2015,Yemen,722
2015,Brazil,1150
2015,Jamaica,432
2015,Greenland,88
2015,Samoa,43
2015,British Indian Ocean Territory,5
2015,Norfolk Island,53
2015,United Arab Emirates,349
2015,Guam,29
2015,Uruguay,137
2015,India,2214
2015,Azerbaijan,89
2015,Madagascar,82
2015,Lesotho,1
2015,Kenya,480
2015,South Korea,1032
2015,Macao,8
2015,Turkey,515
2015,Afghanistan,1576
2015,Fiji,55
2015,Northern Mariana Islands,4
2015,Eritrea,108
2015,Solomon Islands,18
2015,Saint Lucia,14
2015,San Marino,42
2015,Cyprus,129
2015,Mongolia,77
2015,France,4717
2015,Rwanda,131
2015,Slovakia,141
2015,Somalia,234
2015,Peru,290
2015,Laos,63
2015,Nauru,17
2015,Norway,615
2015,Malawi,37
2015,Cook Islands,39
2015,Benin,33
2015,Western Sahara,24
2015,Cuba,1092
2015,Montenegro,44
2015,Republic of the Congo,10
2015,Togo,25
2015,China,4380
2015,Armenia,96
2015,Dominican Republic,219
2015,Ukraine,1287
2015,Ghana,128
2015,Tonga,20
2015,Finland,390
2015,Libya,753
2015,Indonesia,524
2015,Central African Republic,165
2015,Mauritius,25
2015,Liechtenstein,39
2015,Vietnam,1136
2015,British Virgin Islands,36
2015,Macedonia,126
2015,Guyana,53
2015,Mali,224
2015,Vatican City,484
2015,Russia,3317
2015,Bulgaria,192
2015,United States,22198
2015,Romania,229
2015,Angola,101
2015,French Southern Territories,2
2015,Cayman Islands,45
2015,South Africa,1334
2015,Tokelau,1
2015,Tajikistan,46
2015,Sweden,803
2015,Malaysia,496
2015,Austria,617
2015,Mozambique,61
2015,Uganda,162
2015,Japan,2416
2015,Niger,94
2015,Isle of Man,7
2015,Saint Martin,80
2015,Falkland Islands,13
2015,Faroe Islands,16
2015,Kuwait,189
2015,Panama,237
2015,Ireland,356
2015,Costa Rica,151
2015,Luxembourg,200
2015,Cape Verde,6
2015,Bahamas,159
2015,Gibraltar,32
2015,Ivory Coast,99
2015,Italy,2170
2015,Nigeria,571
2015,Ecuador,217
2015,Bangladesh,351
2015,Brunei,42
2015,Belarus,159
2015,Iran,2469
2015,Algeria,160
2015,El Salvador,143
2015,Tuvalu,3
2015,Pitcairn Islands,3
2015,Czech Republic,238
2015,Marshall Islands,35
2015,Chile,542
2015,Puerto Rico,442
2015,Belgium,1377
2015,Kiribati,7
2015,Haiti,255
2015,Belize,40
2015,Hong Kong,1379
2015,Sierra Leone,200
2015,Georgia,19
2015,Gambia,33
2015,Philippines,470
2015,Moldova,41
2015,Portugal,360
2015,Morocco,283
2015,Namibia,53
2015,French Polynesia,7
2015,Guinea-Bissau,6
2015,Thailand,425
2015,Switzerland,1050
2015,Grenada,25
2015,Denmark,461
2015,U.S. Virgin Islands,15
2015,Seychelles,19
2015,Chad,1
2015,Estonia,98
2015,Kosovo,87
2015,Mexico,2476
2015,Lebanon,664
2015,Svalbard and Jan Mayen,1
2015,Uzbekistan,74
2015,Egypt,1205
2015,Djibouti,43
2015,Bermuda,130
2015,Antigua and Barbuda,3
2015,Spain,1509
2015,Colombia,436
2015,Burundi,144
2015,Taiwan,396
2015,Turks and Caicos Islands,3
2015,Barbados,36
2015,Qatar,408
2015,Palau,31
2015,Curacao,21
2015,Bhutan,30
2015,Sudan,336
2015,Nepal,349
2015,Malta,116
2015,Democratic Republic of the Congo,9
2015,Netherlands,789
2015,Suriname,14
2015,Anguilla,23
2015,Venezuela,418
2015,Israel,2884
2015,Iceland,228
2015,Zambia,67
2015,Senegal,152
2015,Papua New Guinea,50
2015,Gabon,29
2015,Zimbabwe,187
2015,Jordan,92
2015,Vanuatu,19
2015,Martinique,19
2015,Kazakhstan,157
2015,Poland,729
2015,Mauritania,31
2015,Kyrgyzstan,48
2015,Iraq,3267
2015,Montserrat,15
2015,New Caledonia,11
2015,Andorra,20
2015,North Korea,452
2015,Trinidad and Tobago,11
2015,Latvia,154
2015,South Sudan,179
2015,Hungary,504
2015,Syria,3238
2015,Guadeloupe,9
2015,Honduras,146
2015,Myanmar,351
2015,Equatorial Guinea,31
2015,Tunisia,250
2015,Nicaragua,104
2015,Singapore,594
2015,Serbia,308
2015,Botswana,41
2015,United Kingdom,229
2015,Antarctica,117
2015,Christmas Island,227
2015,Greece,1840
2015,Paraguay,76
2015,Croatia,215
2015,Comoros,3
2016,Kenya,397
2016,Barbados,43
2016,Equatorial Guinea,15
2016,Canada,2960
2016,East Timor,12
2016,Sao Tome and Principe,1
2016,Guernsey,10
2016,Turkmenistan,16
2016,Saint Helena,5
2016,Lithuania,122
2016,Cambodia,159
2016,Ethiopia,206
2016,Aruba,22
2016,Sri Lanka,98
2016,Swaziland,13
2016,Palestine,213
2016,Argentina,626
2016,Bolivia,100
2016,Cameroon,67
2016,Burkina Faso,61
2016,Aland,1
2016,Bahrain,132
2016,Saudi Arabia,848
2016,Micronesia,16
2016,American Samoa,23
2016,Slovenia,101
2016,Guatemala,168
2016,Bosnia and Herzegovina,7
2016,Guinea,247
2016,Germany,3655
2016,Saint Barthelemy,1
2016,Dominica,12
2016,Australia,1444
2016,Liberia,101
2016,Maldives,29
2016,Pakistan,717
2016,Oman,52
2016,Tanzania,103
2016,Bonaire,7
2016,Albania,74
2016,French Guiana,10
2016,Niue,2
2016,Monaco,143
2016,New Zealand,496
2016,Yemen,419
2016,Brazil,1317
2016,Jamaica,386
2016,Greenland,80
2016,Samoa,30
2016,British Indian Ocean Territory,3
2016,Norfolk Island,24
2016,United Arab Emirates,285
2016,Guam,61
2016,Uruguay,113
2016,India,1683
2016,Azerbaijan,79
2016,Madagascar,62
2016,Lesotho,10
2016,South Korea,950
2016,Macao,5
2016,Turkey,563
2016,Afghanistan,1257
2016,Fiji,65
2016,Northern Mariana Islands,10
2016,Eritrea,72
2016,Solomon Islands,12
2016,Saint Lucia,5
2016,San Marino,19
2016,Cyprus,134
2016,Mongolia,82
2016,France,3727
2016,Rwanda,127
2016,Slovakia,156
2016,Somalia,199
2016,Peru,254
2016,Laos,104
2016,Nauru,39
2016,Norway,508
2016,Malawi,30
2016,Cook Islands,45
2016,Benin,22
2016,Western Sahara,23
2016,Cuba,851
2016,Montenegro,57
2016,Republic of the Congo,19
2016,Togo,22
2016,China,3710
2016,Armenia,63
2016,Dominican Republic,227
2016,Ukraine,732
2016,Ghana,112
2016,Tonga,20
2016,Finland,308
2016,Libya,607
2016,Indonesia,387
2016,Central African Republic,107
2016,Mauritius,24
2016,Liechtenstein,26
2016,Vietnam,1130
2016,British Virgin Islands,56
2016,Macedonia,94
2016,Guyana,33
2016,Mali,129
2016,Vatican City,250
2016,Russia,3440
2016,Bulgaria,151
2016,United States,19003
2016,Romania,230
2016,Angola,74
2016,French Southern Territories,3
2016,Cayman Islands,42
2016,South Africa,1057
2016,Tajikistan,29
2016,Sweden,597
2016,Malaysia,311
2016,Austria,483
2016,Mozambique,59
2016,Uganda,155
2016,Japan,1950
2016,Niger,93
2016,Isle of Man,13
2016,Saint Martin,81
2016,Falkland Islands,7
2016,Faroe Islands,8
2016,Kuwait,133
2016,Panama,388
2016,Ireland,253
2016,Costa Rica,139
2016,Luxembourg,121
2016,Cape Verde,14
2016,Bahamas,141
2016,Gibraltar,31
2016,Ivory Coast,83
2016,Italy,1896
2016,Nigeria,363
2016,Ecuador,175
2016,Bangladesh,310
2016,Brunei,39
2016,Belarus,77
2016,Iran,1513
2016,Algeria,118
2016,El Salvador,179
2016,Tuvalu,3
2016,Pitcairn Islands,1
2016,Czech Republic,198
2016,Marshall Islands,31
2016,Chile,439
2016,Puerto Rico,523
2016,Belgium,1416
2016,Kiribati,13
2016,Haiti,271
2016,Belize,38
2016,Hong Kong,1177
2016,Sierra Leone,79
2016,Georgia,24
2016,Gambia,49
2016,Philippines,534
2016,Moldova,42
2016,Portugal,321
2016,Morocco,275
2016,Namibia,39
2016,French Polynesia,38
2016,Guinea-Bissau,6
2016,Thailand,379
2016,Switzerland,899
2016,Grenada,18
2016,Denmark,385
2016,U.S. Virgin Islands,25
2016,Seychelles,20
2016,Estonia,135
2016,Kosovo,79
2016,Mexico,2533
2016,Lebanon,566
2016,Uzbekistan,94
2016,Egypt,919
2016,Djibouti,25
2016,Bermuda,106
2016,Antigua and Barbuda,1
2016,Spain,1188
2016,Colombia,470
2016,Burundi,61
2016,Taiwan,411
2016,Turks and Caicos Islands,1
2016,Qatar,267
2016,Cocos [Keeling] Islands,1
2016,Palau,40
2016,Curacao,18
2016,Bhutan,25
2016,Sudan,262
2016,Nepal,156
2016,Malta,69
2016,Democratic Republic of the Congo,15
2016,Netherlands,653
2016,Suriname,22
2016,Anguilla,8
2016,Venezuela,381
2016,Israel,1841
2016,Iceland,221
2016,Zambia,34
2016,Senegal,171
2016,Papua New Guinea,55
2016,Gabon,31
2016,Zimbabwe,137
2016,Jordan,56
2016,Vanuatu,10
2016,Martinique,18
2016,Kazakhstan,121
2016,Poland,721
2016,Mauritania,20
2016,Kyrgyzstan,27
2016,Mayotte,3
2016,Iraq,2435
2016,Montserrat,6
2016,New Caledonia,18
2016,Andorra,21
2016,North Korea,596
2016,Trinidad and Tobago,6
2016,Latvia,121
2016,South Sudan,167
2016,Hungary,362
2016,Syria,2706
2016,Guadeloupe,12
2016,Honduras,166
2016,Myanmar,210
2016,Tunisia,161
2016,Nicaragua,99
2016,Singapore,443
2016,Serbia,184
2016,Botswana,40
2016,United Kingdom,247
2016,Antarctica,116
2016,Christmas Island,199
2016,Greece,767
2016,Paraguay,56
2016,Croatia,170
2016,Comoros,2
